-- MySQL dump 10.14  Distrib 5.5.59-MariaDB, for debian-linux-gnu (x86_64)
--
-- Host: localhost    Database: ficha2_production
-- ------------------------------------------------------
-- Server version	5.5.59-MariaDB-1ubuntu0.14.04.1

/*!40101 SET @OLD_CHARACTER_SET_CLIENT=@@CHARACTER_SET_CLIENT */;
/*!40101 SET @OLD_CHARACTER_SET_RESULTS=@@CHARACTER_SET_RESULTS */;
/*!40101 SET @OLD_COLLATION_CONNECTION=@@COLLATION_CONNECTION */;
/*!40101 SET NAMES utf8 */;
/*!40103 SET @OLD_TIME_ZONE=@@TIME_ZONE */;
/*!40103 SET TIME_ZONE='+00:00' */;
/*!40014 SET @OLD_UNIQUE_CHECKS=@@UNIQUE_CHECKS, UNIQUE_CHECKS=0 */;
/*!40014 SET @OLD_FOREIGN_KEY_CHECKS=@@FOREIGN_KEY_CHECKS, FOREIGN_KEY_CHECKS=0 */;
/*!40101 SET @OLD_SQL_MODE=@@SQL_MODE, SQL_MODE='NO_AUTO_VALUE_ON_ZERO' */;
/*!40111 SET @OLD_SQL_NOTES=@@SQL_NOTES, SQL_NOTES=0 */;

--
-- Table structure for table `ar_internal_metadata`
--

DROP TABLE IF EXISTS `ar_internal_metadata`;
/*!40101 SET @saved_cs_client     = @@character_set_client */;
/*!40101 SET character_set_client = utf8 */;
CREATE TABLE `ar_internal_metadata` (
  `key` varchar(255) NOT NULL,
  `value` varchar(255) DEFAULT NULL,
  `created_at` datetime NOT NULL,
  `updated_at` datetime NOT NULL,
  PRIMARY KEY (`key`)
) ENGINE=InnoDB DEFAULT CHARSET=utf8;
/*!40101 SET character_set_client = @saved_cs_client */;

--
-- Dumping data for table `ar_internal_metadata`
--

LOCK TABLES `ar_internal_metadata` WRITE;
/*!40000 ALTER TABLE `ar_internal_metadata` DISABLE KEYS */;
INSERT INTO `ar_internal_metadata` VALUES ('environment','production','2017-12-15 13:46:15','2017-12-15 13:46:15');
/*!40000 ALTER TABLE `ar_internal_metadata` ENABLE KEYS */;
UNLOCK TABLES;

--
-- Table structure for table `availabilities`
--

DROP TABLE IF EXISTS `availabilities`;
/*!40101 SET @saved_cs_client     = @@character_set_client */;
/*!40101 SET character_set_client = utf8 */;
CREATE TABLE `availabilities` (
  `id` int(11) NOT NULL AUTO_INCREMENT,
  `semester_id` int(11) DEFAULT NULL,
  `user_id` int(11) DEFAULT NULL,
  `preference_first` int(11) DEFAULT NULL,
  `preference_second` int(11) DEFAULT NULL,
  `preference_third` int(11) DEFAULT NULL,
  `comments` varchar(255) DEFAULT NULL,
  `general_comments` varchar(255) DEFAULT NULL,
  `researcher` tinyint(1) DEFAULT NULL,
  `created_at` datetime NOT NULL,
  `updated_at` datetime NOT NULL,
  PRIMARY KEY (`id`),
  KEY `index_availabilities_on_semester_id` (`semester_id`),
  KEY `index_availabilities_on_user_id` (`user_id`),
  CONSTRAINT `fk_rails_9468d7a431` FOREIGN KEY (`semester_id`) REFERENCES `semesters` (`id`),
  CONSTRAINT `fk_rails_f567fbd0f7` FOREIGN KEY (`user_id`) REFERENCES `users` (`id`)
) ENGINE=InnoDB AUTO_INCREMENT=57 DEFAULT CHARSET=utf8;
/*!40101 SET character_set_client = @saved_cs_client */;

--
-- Dumping data for table `availabilities`
--

LOCK TABLES `availabilities` WRITE;
/*!40000 ALTER TABLE `availabilities` DISABLE KEYS */;
INSERT INTO `availabilities` VALUES (1,1,5,3,NULL,NULL,NULL,NULL,0,'2017-12-15 13:50:41','2017-12-19 08:38:30'),(2,1,34,5,NULL,NULL,'',NULL,NULL,'2017-12-15 13:50:57','2017-12-15 13:52:53'),(3,1,7,NULL,NULL,NULL,NULL,NULL,NULL,'2017-12-15 13:51:48','2017-12-15 13:51:48'),(4,1,55,7,3,1,'Pela manha tenho alguns afazeres para levar as criancas escola, consulta fonoaudiologa de criancas. Tenho preferencia de dar aulas de tarde ou a noite.',NULL,1,'2017-12-15 13:58:17','2017-12-18 22:56:41'),(5,1,19,4,6,8,NULL,' ',1,'2017-12-15 14:21:54','2017-12-15 21:54:19'),(6,1,30,5,3,4,NULL,NULL,0,'2017-12-15 14:23:54','2017-12-15 14:33:01'),(7,1,45,4,3,NULL,'',NULL,1,'2017-12-15 14:41:21','2017-12-15 15:07:17'),(8,1,6,4,5,NULL,NULL,NULL,1,'2017-12-15 14:55:32','2017-12-15 15:03:11'),(9,1,26,5,1,4,'Como assumirei a disciplina EMA706 , segundas e quartas às 7:30, gostaria que minha outra turma fosse nesses mesmos dias. Todos os demais horários eu desejo reservar para a pesquisa (incluindo atendimento aos alunos e orientandos).','(Parabéns aos desenvolvedores pelo excelente trabalho)',1,'2017-12-15 15:01:13','2017-12-15 15:29:11'),(10,1,54,4,5,NULL,NULL,NULL,NULL,'2017-12-15 15:05:22','2017-12-15 15:05:59'),(11,1,48,1,5,6,NULL,NULL,1,'2017-12-15 15:06:03','2017-12-15 15:09:33'),(12,1,38,NULL,NULL,NULL,NULL,NULL,NULL,'2017-12-15 15:34:47','2017-12-15 15:34:47'),(13,1,18,3,8,5,NULL,NULL,1,'2017-12-15 15:45:04','2017-12-19 14:42:34'),(14,1,2,NULL,NULL,NULL,NULL,NULL,NULL,'2017-12-15 15:48:39','2017-12-15 15:48:39'),(15,1,58,NULL,NULL,NULL,'Uma vez por mês vou a minha cidade para tratamento ortodôntico - e para isso preciso ir em dia útil.',NULL,NULL,'2017-12-15 15:50:01','2017-12-15 15:52:52'),(16,1,47,NULL,NULL,NULL,NULL,'Solicito ter carga horária de 4 horas neste próximo semestre por ser o coordenador do PPGM.  ',1,'2017-12-15 16:09:01','2017-12-15 16:25:53'),(17,1,31,5,0,NULL,'Justaria de concentrar minhas aulas em 2 dias para poder dedicar à pesquisa e orientação de alunos. ','Obrigado pelo trabalho.',1,'2017-12-15 16:09:16','2017-12-15 16:22:56'),(18,1,49,NULL,NULL,NULL,NULL,NULL,NULL,'2017-12-15 16:23:30','2017-12-15 16:23:30'),(19,1,20,NULL,NULL,NULL,'1) Tenho dois alunos de doutorado, 1 de mestrado e 1 de IC. Preciso de realizar seminários com cada 1.\r\n2) Na sexta-feira temos o Seminário de Grupo de Álgebra pela manhã e trabalho de pesquisa a tarde.','O projeto de pesquisa neste semestre me demanda muito tempo de trabalho. Por isso, prefiro dar ou 2 disciplinas de Teoria de Grupos ou 2 de Álgebra Linear ',1,'2017-12-15 16:41:19','2017-12-18 21:11:33'),(20,1,29,NULL,NULL,NULL,'Atividade desportiva (natação)',NULL,1,'2017-12-15 16:51:37','2017-12-15 16:55:35'),(21,1,53,0,7,4,'A justificativa para concentrar aulas durante manhã é por duas razões: A esposa também é servidora da UFPR e os filhos de 2 e 4 anos estão matriculados no período da manhã.','Membro do Grupo de pesquisa CNPq: Segurança de Barragens\r\n(dgp.cnpq.br/dgp/espelhogrupo/0573553039621155)\r\nLíder: Luiz Alkimin de Lacerda (Institutos LACTEC e UFPR/DAU)',1,'2017-12-15 17:00:47','2017-12-15 18:46:01'),(22,1,12,NULL,NULL,NULL,'Minha religião (leia-se: esposa) não permite.  :p','O sistema está muito legal....',1,'2017-12-15 17:12:33','2017-12-15 17:36:37'),(23,1,46,NULL,NULL,NULL,NULL,NULL,NULL,'2017-12-15 17:14:58','2017-12-15 17:14:58'),(24,1,9,NULL,NULL,NULL,'De segunda a sexta levar e trazer meu filho, nas terças eu tenho CAEX a tarde (reuniões toda semana) e na quarta para preparar as aulas, pesquisa, iniciação e terapia.','',NULL,'2017-12-15 18:14:39','2017-12-15 19:01:43'),(25,1,21,NULL,NULL,NULL,NULL,NULL,NULL,'2017-12-15 18:15:52','2017-12-15 18:15:52'),(26,1,11,NULL,NULL,NULL,'Preparo aula, seminários, tenho orientações de mestrado .',NULL,NULL,'2017-12-15 19:04:00','2017-12-15 19:08:04'),(27,1,42,NULL,NULL,NULL,'* Necessito de dois dias livres para fins de orientação e/ou pesquisa;\r\n* Acho muito cansativo dar duas aulas em sequência (sobretudo no período da noite)',NULL,0,'2017-12-15 19:09:47','2017-12-15 19:54:57'),(28,1,57,NULL,NULL,NULL,NULL,NULL,NULL,'2017-12-15 19:24:43','2017-12-15 19:24:43'),(29,1,13,1,2,0,'Atualmente sou vice-diretor do setor de ciências exatas, o que me acarreta restrições pelo envolvimento com a administração.','Boa tarde. Acredito que a disciplina MA11 - A esteja com algum horário trocado. Acredito que seja Terça 17:30 às 19:30.',NULL,'2017-12-15 20:24:13','2017-12-18 20:30:58'),(30,1,8,NULL,NULL,NULL,'Por um lado sou notívago, o que justifica minha preferência por aulas à noite. Por outro, ministrarei um curso na UTFPR no próximo semestre. Por isso seria muito bom se eu tivesse um dia da semana livre de aulas na UFPR.','Estou desenvolvendo um projeto de extensão em parceria com o professor Elenilton, sobre matemática do ensino médio. Logo, se eu pudesse lecionar alguma disciplina nesta área para a Licenciatura em Matemática, seria muito bom.',0,'2017-12-15 20:34:46','2017-12-15 20:51:14'),(31,1,15,NULL,NULL,NULL,'Deveres familiares',NULL,1,'2017-12-15 21:06:00','2017-12-18 19:58:55'),(32,1,28,NULL,NULL,NULL,NULL,NULL,NULL,'2017-12-15 22:13:08','2017-12-15 22:13:08'),(33,1,51,NULL,NULL,NULL,'Gostaria de concentrar minhas aulas nos dias de terça e quinta-feira.','',1,'2017-12-16 14:26:59','2017-12-18 15:47:03'),(34,1,25,4,5,NULL,NULL,NULL,1,'2017-12-17 13:33:50','2017-12-17 15:15:41'),(35,1,33,1,3,5,'Como tenho diabetes e os horários do Curso de Matemática são de tarde ou de noite, reservo as manhãs para cuidar da minha saúde (exercícios físicos e almoço em casa). às vezes também tenho aulas da pós em algum horário da manhã.','Coloquei a disciplina Tópicos de Lógica como segunda prioridade, mas espero que seja atribuída pois fui eu que propus.',1,'2017-12-17 14:39:58','2017-12-17 15:55:47'),(36,1,39,4,3,NULL,NULL,NULL,NULL,'2017-12-18 10:31:59','2017-12-18 11:56:18'),(37,1,41,4,7,5,NULL,NULL,1,'2017-12-18 11:22:31','2017-12-18 16:48:29'),(38,1,59,NULL,NULL,NULL,'Pesquisa, orientação, seminários, reuniôes, viagens e tratamentos medicos',NULL,1,'2017-12-18 11:23:53','2017-12-18 13:53:25'),(39,1,32,NULL,NULL,NULL,'Tenho aulas na pós-graduação, no PPGECC e no PPGMNE.','Gostaria de ministrar a disciplina CMA111-B para engenharia ambiental.',NULL,'2017-12-18 11:39:53','2017-12-18 12:35:35'),(40,1,14,0,5,NULL,NULL,'',NULL,'2017-12-18 12:56:12','2017-12-19 00:07:16'),(41,1,56,8,5,6,NULL,NULL,1,'2017-12-18 13:02:16','2017-12-18 13:04:04'),(42,1,23,5,1,0,'','Vou ministrar funções no PSE. Vou ministrar tópicos em álgebra linear no verão 2018, sem possibilidade de descarga didática. ',0,'2017-12-18 13:49:03','2017-12-18 13:54:12'),(43,1,37,NULL,NULL,NULL,'preparaçao de aulas. \r\nFilha menor, baixo meus cuidados pela manha.\r\nPor isso que minhas preferencias de aulas sao tarde e noite.','',NULL,'2017-12-18 14:10:27','2017-12-18 15:07:05'),(44,1,52,NULL,NULL,NULL,NULL,NULL,NULL,'2017-12-18 14:46:33','2017-12-18 14:46:33'),(45,1,24,3,NULL,NULL,NULL,NULL,NULL,'2017-12-18 16:51:51','2017-12-18 16:52:45'),(46,1,22,5,4,7,'Ministrarei uma disciplina no Programa de Pós-Graduação em Educação em Ciências e Matemática neste horário. ',NULL,1,'2017-12-18 16:55:32','2017-12-18 17:33:59'),(47,1,50,2,5,8,NULL,'Gostaria de concentrar minhas aulas à noite, podendo ser todos os dias da semana. Se não for possível, gostaria do primeiro horário pela manha ',NULL,'2017-12-18 17:30:32','2017-12-18 23:44:52'),(48,1,44,0,5,6,'Projetos. Na verdade é para ser o dia todo, mas não consegui preencher na ficha.',NULL,NULL,'2017-12-18 19:36:18','2017-12-18 19:43:35'),(49,1,43,2,5,7,'Cuido de assuntos particulares e familiares nesses horários.',NULL,0,'2017-12-18 21:24:13','2017-12-18 21:36:00'),(50,1,36,2,5,7,'Como meu filho de sete anos reside no Rio de Janeiro, as vezes preciso de tal horário para retornar a Curitiba.',NULL,0,'2017-12-18 21:32:10','2017-12-18 21:50:23'),(51,1,17,3,5,7,NULL,NULL,NULL,'2017-12-18 23:31:12','2017-12-18 23:34:18'),(52,1,27,5,4,0,'Gostaria de dedicar os dias assinalados às minhas atividades de pesquisa.','',1,'2017-12-19 00:04:31','2017-12-19 01:02:22'),(53,1,40,0,7,5,'Curso de especialização em Foz do Iguaçu','Neste primeiro trimestre de 2018 estarei lecionando a disciplina de tópicos avançados para a engenharia no curso de pós graduação PPGMNE na qual sou coordenadora. Esta disciplina será ofertada na terça feira',1,'2017-12-19 01:32:09','2017-12-19 01:52:14'),(54,1,35,1,2,8,'Coordenador de Curso (Preferência pelas opção de 4 horas semanais). PSE (Processo de transição 6 horas , Funções CM 118)',NULL,NULL,'2017-12-19 10:31:53','2017-12-19 10:41:12'),(55,1,60,NULL,NULL,NULL,NULL,NULL,NULL,'2018-02-19 14:16:51','2018-02-19 14:16:51'),(56,1,1,NULL,NULL,NULL,NULL,NULL,NULL,'2018-05-03 11:03:23','2018-05-03 11:03:23');
/*!40000 ALTER TABLE `availabilities` ENABLE KEYS */;
UNLOCK TABLES;

--
-- Table structure for table `courses`
--

DROP TABLE IF EXISTS `courses`;
/*!40101 SET @saved_cs_client     = @@character_set_client */;
/*!40101 SET character_set_client = utf8 */;
CREATE TABLE `courses` (
  `id` int(11) NOT NULL AUTO_INCREMENT,
  `code` varchar(255) DEFAULT NULL,
  `name` varchar(255) DEFAULT NULL,
  `short_name` varchar(255) DEFAULT NULL,
  `created_at` datetime NOT NULL,
  `updated_at` datetime NOT NULL,
  PRIMARY KEY (`id`)
) ENGINE=InnoDB AUTO_INCREMENT=70 DEFAULT CHARSET=utf8;
/*!40101 SET character_set_client = @saved_cs_client */;

--
-- Dumping data for table `courses`
--

LOCK TABLES `courses` WRITE;
/*!40000 ALTER TABLE `courses` DISABLE KEYS */;
INSERT INTO `courses` VALUES (1,'1','Arquitetura e Urbanismo',NULL,'2017-12-15 13:49:31','2017-12-15 13:49:31'),(2,'2','Engenharia Civil',NULL,'2017-12-15 13:49:31','2017-12-15 13:49:31'),(3,'3','Engenharia Elétrica',NULL,'2017-12-15 13:49:31','2017-12-15 13:49:31'),(4,'4','Engenharia Florestal',NULL,'2017-12-15 13:49:31','2017-12-15 13:49:31'),(5,'5','Engenharia Mecânica',NULL,'2017-12-15 13:49:31','2017-12-15 13:49:31'),(6,'6','Engenharia Química',NULL,'2017-12-15 13:49:31','2017-12-15 13:49:31'),(7,'7','Estatística',NULL,'2017-12-15 13:49:31','2017-12-15 13:49:31'),(8,'8','Física Diurno',NULL,'2017-12-15 13:49:31','2017-12-15 13:49:31'),(9,'9','Geologia',NULL,'2017-12-15 13:49:31','2017-12-15 13:49:31'),(10,'10','Geografia',NULL,'2017-12-15 13:49:31','2017-12-15 13:49:31'),(11,'11','Matemática Diurno',NULL,'2017-12-15 13:49:32','2017-12-15 13:49:32'),(12,'12','Licenciatura em Química Diurno',NULL,'2017-12-15 13:49:32','2017-12-15 13:49:32'),(13,'13','Agronomia',NULL,'2017-12-15 13:49:32','2017-12-15 13:49:32'),(14,'15','Engenharia Cartográfica',NULL,'2017-12-15 13:49:32','2017-12-15 13:49:32'),(15,'16','Estatística',NULL,'2017-12-15 13:49:32','2017-12-15 13:49:32'),(16,'17','Física Noturno',NULL,'2017-12-15 13:49:32','2017-12-15 13:49:32'),(17,'18','Geografia',NULL,'2017-12-15 13:49:32','2017-12-15 13:49:32'),(18,'19','Matemática Noturno',NULL,'2017-12-15 13:49:32','2017-12-15 13:49:32'),(19,'20','Engenharia de Produção',NULL,'2017-12-15 13:49:32','2017-12-15 13:49:32'),(20,'21','Ciência Da Computação',NULL,'2017-12-15 13:49:32','2017-12-15 13:49:32'),(21,'22','Engenharia Industrial Madeireira Diurno',NULL,'2017-12-15 13:49:32','2017-12-15 13:49:32'),(22,'23','Engenharia Ambiental',NULL,'2017-12-15 13:49:32','2017-12-15 13:49:32'),(23,'24','Engenharia de Bioprocessos e Biotecnologia',NULL,'2017-12-15 13:49:32','2017-12-15 13:49:32'),(24,'26','Matemática Industrial',NULL,'2017-12-15 13:49:32','2017-12-15 13:49:32'),(25,'31','Ciências Biológicas Diurno',NULL,'2017-12-15 13:49:32','2017-12-15 13:49:32'),(26,'32','Enfermagem',NULL,'2017-12-15 13:49:32','2017-12-15 13:49:32'),(27,'33','Farmácia e Bioquímica',NULL,'2017-12-15 13:49:32','2017-12-15 13:49:32'),(28,'34','Medicina',NULL,'2017-12-15 13:49:32','2017-12-15 13:49:32'),(29,'35','Medicina Veterinária',NULL,'2017-12-15 13:49:32','2017-12-15 13:49:32'),(30,'36','Odontologia',NULL,'2017-12-15 13:49:32','2017-12-15 13:49:32'),(31,'37','Licenciatura em Ciências',NULL,'2017-12-15 13:49:32','2017-12-15 13:49:32'),(32,'38','Educação Física e Desportos',NULL,'2017-12-15 13:49:32','2017-12-15 13:49:32'),(33,'39','Nutrição',NULL,'2017-12-15 13:49:32','2017-12-15 13:49:32'),(34,'41','Zootecnia',NULL,'2017-12-15 13:49:33','2017-12-15 13:49:33'),(35,'45','Ciências Biológicas Noturno',NULL,'2017-12-15 13:49:33','2017-12-15 13:49:33'),(36,'60','Administração Noturno',NULL,'2017-12-15 13:49:33','2017-12-15 13:49:33'),(37,'61','Administração Diurno',NULL,'2017-12-15 13:49:33','2017-12-15 13:49:33'),(38,'62','Biblioteconomia e Documentação',NULL,'2017-12-15 13:49:33','2017-12-15 13:49:33'),(39,'63','Ciências Contábeis',NULL,'2017-12-15 13:49:33','2017-12-15 13:49:33'),(40,'64','Economia Diurno',NULL,'2017-12-15 13:49:33','2017-12-15 13:49:33'),(41,'65','Economia Noturno',NULL,'2017-12-15 13:49:33','2017-12-15 13:49:33'),(42,'66','Ciências Sociais',NULL,'2017-12-15 13:49:33','2017-12-15 13:49:33'),(43,'70','Direito',NULL,'2017-12-15 13:49:33','2017-12-15 13:49:33'),(44,'71','Estudos Sociais',NULL,'2017-12-15 13:49:33','2017-12-15 13:49:33'),(45,'72','Educação Moral e Cívica',NULL,'2017-12-15 13:49:33','2017-12-15 13:49:33'),(46,'73','Filosofia',NULL,'2017-12-15 13:49:33','2017-12-15 13:49:33'),(47,'74','História',NULL,'2017-12-15 13:49:33','2017-12-15 13:49:33'),(48,'75','Pedagogia',NULL,'2017-12-15 13:49:33','2017-12-15 13:49:33'),(49,'76','Psicologia',NULL,'2017-12-15 13:49:33','2017-12-15 13:49:33'),(50,'77','Pedagogia',NULL,'2017-12-15 13:49:33','2017-12-15 13:49:33'),(51,'83','Comunicação Visual',NULL,'2017-12-15 13:49:33','2017-12-15 13:49:33'),(52,'84','Desenho Industrial',NULL,'2017-12-15 13:49:33','2017-12-15 13:49:33'),(53,'96','Informática Biomédica',NULL,'2017-12-15 13:49:33','2017-12-15 13:49:33'),(54,'103','Engenharia Mecânica Noturno',NULL,'2017-12-15 13:49:33','2017-12-15 13:49:33'),(55,'104','Licenciatura em Química Noturno',NULL,'2017-12-15 13:49:33','2017-12-15 13:49:33'),(56,'105','Engenharia Industrial Madeireira Noturno',NULL,'2017-12-15 13:49:33','2017-12-15 13:49:33'),(57,'106','Engenharia Civil, Ciência Da Computação',NULL,'2017-12-15 13:49:33','2017-12-15 13:49:33'),(58,'107','Licenciatura em Química Noturno, Matemática Industrial',NULL,'2017-12-15 13:49:33','2017-12-15 13:49:33'),(59,'108','Física Noturno, Matemática Industrial',NULL,'2017-12-15 13:49:34','2017-12-15 13:49:34'),(60,'109','Matemática Diurno, Matemática Industrial',NULL,'2017-12-15 13:49:34','2017-12-15 13:49:34'),(61,'110','Matemática Diurno, Matemática Industrial',NULL,'2017-12-15 13:49:34','2017-12-15 13:49:34'),(62,'111','Matemática Diurno, Matemática Industrial',NULL,'2017-12-15 13:49:34','2017-12-15 13:49:34'),(63,'112','Matemática Industrial, Engenharia Industrial Madeireira Diurno',NULL,'2017-12-15 13:49:34','2017-12-15 13:49:34'),(64,'113','Engenharia Elétrica, Matemática Industrial',NULL,'2017-12-15 13:49:34','2017-12-15 13:49:34'),(65,'114','Ciência Da Computação, Informática Biomédica',NULL,'2017-12-15 13:49:34','2017-12-15 13:49:34'),(66,'42','Pgmat',NULL,'2017-12-15 13:49:34','2017-12-15 13:49:34'),(67,'43','Profmat',NULL,'2017-12-15 13:49:34','2017-12-15 13:49:34'),(68,'44','Profmat(verão)',NULL,'2017-12-15 13:49:34','2017-12-15 13:49:34'),(69,'46','Honors',NULL,'2017-12-15 13:49:34','2017-12-15 13:49:34');
/*!40000 ALTER TABLE `courses` ENABLE KEYS */;
UNLOCK TABLES;

--
-- Table structure for table `fichas`
--

DROP TABLE IF EXISTS `fichas`;
/*!40101 SET @saved_cs_client     = @@character_set_client */;
/*!40101 SET character_set_client = utf8 */;
CREATE TABLE `fichas` (
  `id` int(11) NOT NULL AUTO_INCREMENT,
  `status` int(11) DEFAULT '0',
  `program` text,
  `didactic_procedures` text,
  `evaluation` text,
  `general_objective` text,
  `specific_objective` text,
  `basic_bibliography` text,
  `bibliography` text,
  `user_id` int(11) DEFAULT NULL,
  `group_id` int(11) DEFAULT NULL,
  `created_at` datetime NOT NULL,
  `updated_at` datetime NOT NULL,
  PRIMARY KEY (`id`),
  KEY `index_fichas_on_user_id` (`user_id`),
  KEY `index_fichas_on_group_id` (`group_id`),
  CONSTRAINT `fk_rails_ad6a9eb303` FOREIGN KEY (`user_id`) REFERENCES `users` (`id`),
  CONSTRAINT `fk_rails_b62b6d2150` FOREIGN KEY (`group_id`) REFERENCES `groups` (`id`)
) ENGINE=InnoDB AUTO_INCREMENT=134 DEFAULT CHARSET=utf8;
/*!40101 SET character_set_client = @saved_cs_client */;

--
-- Dumping data for table `fichas`
--

LOCK TABLES `fichas` WRITE;
/*!40000 ALTER TABLE `fichas` DISABLE KEYS */;
INSERT INTO `fichas` VALUES (3,2,'Sistema de equações lineares, matrizes e Algoritmo de Gauss.\r\nEspaços vetoriais.\r\nTransformações lineares.\r\nOperadores e matrizes diagonalizáveis.\r\nEspaço com produto interno.\r\nOperadores sobre espaços com produto interno e formas quadráticas. ','Serão ministradas aulas expositivas, apresentação de seminários e outros.','No decorrer do semestre serão feitas 2 provas. Segunda chamada e exame final serão feitos conforme disposto nas resoluções da CEPE.','Apresentar os conceitos principais de álgebra linear e as aplicações.','Ao fim desta disciplina, o aluno deverá ter domínio dos principais conceitos de Álgebra Linear e desenvolver a habilidade de aplica-los em problemas reais.','DAVID, C. I. - Álgebra Linear e suas Aplicações, Livros Técnicos e Científicos Editora.\r\n    STEVEN, I. L. - Álgebra Linear com Aplicações, LTC, RJ, 1999.\r\n    BOLDRINI et al - Álgebra Linear, Harbra.\r\n    LIMA, E. I - Álgebra Linear, Col. Matemática Universitária. IMPA, CNPq, RJ, 1996.','David C. Lay,  Álgebra Linear e suas aplicações.\r\nHamilton Prado Bueno, Álgebra Linear: um segundo curso.',39,2,'2017-12-21 15:19:25','2018-05-17 17:41:55'),(4,2,'                                                           PROGRAMA \r\n    • Matrizes: Operações Básicas, Tipos especiais de matrizes, Matrizes Inversíveis. Cálculo de Determinantes;\r\n    • Sistemas de equações lineares: sistemas e matrizes, operações elementares, Forma escada e resolução de sistemas lineares por escalonamento;\r\n    • Operações elementares; obtenção do posto de matriz e da inversa de uma matriz através de operações elementares;\r\n    • Espaços vetoriais: espaços e subespaços vetoriais; combinação linear; dependência e independência linear; base e dimensão; Mudança de base;\r\n    • Transformações lineares: Definição e propriedades básicas; Matriz de uma transformação linear; Núcleo e Imagem; Teorema do Núcleo e Imagem, Transformações lineares injetoras, sobrejetoras e bijetoras; transformações geométricas;\r\n    • Autovalores e autovetores (de matrizes e de operadores lineares); polinômio característico; \r\n    • Diagonalização (de matrizes e de operadores lineares); base de autovetores; polinômio minimal e forma de Jordan; \r\n    • Produto interno: propriedades básicas; Coeficientes de Fourier; norma; processo de ortogonalização de Gram-Schimidt; Complemento Ortogonal;\r\n    • Operadores lineares especiais:  operadores auto-adjuntos e ortogonais; Diagonalização de operadores auto-adjuntos; caracterização dos operadores ortogonais; classificação de cônicas e quádricas.\r\n      \r\n','                                        PROCEDIMENTOS DIDÁTICOS\r\nA disciplina será desenvolvida mediante aulas expositivo-dialogadas quando serão apresentados os conteúdos curriculares teóricos e através de atividades de resolução de exercícios. Poderão ser utilizados os seguintes recursos: quadro de giz, laptop, projetor multimídia e softwares específicos.','                                                    AVALIAÇÃO\r\n    • Serão realizadas três provas escritas. Caso a média entre estas provas (média parcial) for maior ou igual a 70 e o aluno tiver frequência superior ou igual a 75% das aulas, será considerado aprovado. Se a frequência for inferior a 75% das aulas ou tiver média parcial inferior a 40, o aluno será reprovado (com média igual à média parcial). Os alunos que obtiverem média parcial inferior a 70 e superior ou igual a 40, deverão submeter-se ao exame final. Serão considerados aprovados se a média entre a média parcial e a nota do exame for igual ou superior a 50. (Todas as médias aqui mencionadas são médias aritméticas simples).\r\n\r\nDatas das provas: 27/02, 24/04, 21/06\r\n2ª Chamada: 26/06\r\nExame Final:  03/07.','                                                       OBJETIVO GERAL\r\n    • Formalizar, teoricamente e geometricamente, os principais conceitos de Álgebra Linear.','                                               OBJETIVOS ESPECÍFICOS\r\n    • Desenvolver a capacidade de abstração;\r\n    • Identificar e resolver problemas que envolvam os conceitos de Álgebra Linear.','                                     BIBLIOGRAFIA BÁSICA\r\n(1) J. L. Boldrini et al.: Álgebra Linear. Ed. Harbra. 3ª Ed.\r\n(2) A. Steinbruch, P. Winterle: Álgebra Linear. Ed. Pearson. 2ª Ed.','BIBLIOGRAFIA BÁSICA\r\n(1) J. L. Boldrini et al.: Álgebra Linear. Ed. Harbra. 3ª Ed.\r\n(2) A. Steinbruch, P. Winterle: Álgebra Linear. Ed. Pearson. 2ª Ed.\r\n\r\nBIBLIOGRAFIA COMPLEMENTAR\r\nH. Anton, C. Rorres: Álgebra Linear com Aplicações. Ed. Bookman. 8ª Ed. ',42,4,'2017-12-21 15:19:39','2018-05-17 17:43:19'),(5,2,'Corpos. Exemplos de corpos. Espaços vetoriais. Exemplos de espaços vetoriais de funções, matrizes e n-uplas ordenadas de números reais. Teoremas sobre espaços vetoriais. Transformações lineares. Exemplos e teoremas. Aplicações em cálculo diferencial e integral. Noções básicas sobre matrizes e sistemas lineares de equações. Operadores lineares e matrizes diagonalizáveis. Espaços com produto interno. Exemplos e teoremas. Operadores sobre espaços com produto interno. \r\nCônicas. Quádricas.','Aulas expositivas e discussões em sala.','Três provas escritas e atividades complementares.','Discutir sobre noções básicas de álgebra linear para que os alunos desenvolvam autonomia para ler e entender textos que envolvam este tópico. Ou seja, trata-se de um processo de alfabetização matemática.','Fornecer ferramentas para que os alunos do curso de estatística tenham condições de compreender e desenvolver seus estudos futuros de processos multivariados e demais assuntos que demandam álgebra linear.','DAVID, C. I. - Álgebra Linear e suas Aplicações, Livros Técnicos e Científicos Editora.\r\n    STEVEN, I. L. - Álgebra Linear com Aplicações, LTC, RJ, 1999.\r\n    BOLDRINI et al - Álgebra Linear, Harbra.\r\n    LIMA, E. I - Álgebra Linear, Col. Matemática Universitária. IMPA, CNPq, RJ, 1996.','LIMA, E. I - Álgebra Linear, Col. Matemática Universitária. IMPA, CNPq, RJ, 1996.',8,5,'2017-12-21 15:19:49','2018-05-17 17:43:46'),(6,2,'Ementa: Matrizes e equações lineares, Espaços vetorias. Transformações lineares. Operadores e matrizes diagonalizaveis,\r\nEspaços com produto interno. Operadores sobre espaços com produto interno. Conicas. Quadricas.\r\nPrograma:\r\n1. Sistemas de Equações lineares: sistemas lineares, matriz aumentada, operações em linhas, pivô de Gauss,\r\n2. Matrizes e Aritmética Matricial: matrizes, soma, produto de matrizes, matrizes elementares e operações em linhas, aplicação\r\n à resolução de sistemas lineares\r\n3. Inversão de Matrizes: inversão por operações em linhas, colunas\r\n4. Determinantes: 2x2, 3x3, caso geral, Metodo de Laplace\r\n5. Espaços Vetoriais: espaços, subespaços, independência linear, bases, coordenadas\r\n6. Transformações Lineares: aplicações lineares, imagem, nucleo, matriz de uma\r\naplicação linear, composta, inversa, similaridade\r\n7. Autovalores: autovalores, autovetores, autoespac ̧os, diagonalisabilidade\r\n8. Espaços de Produto interno produto interno, subespac ̧o ortogonais, projeções\r\nortogonais, bases ortogonais, processo de Graam-Schmidt\r\n9. Cônicas, Quádricas: como aplicação de produtos internos\r\n\r\n\r\n\r\n','Serão ministradas aulas expositivas, possivelmente com uso de multimídia. A cada semana será divulgada uma folha de exercícios, incluindo as resoluções.\r\n','No decorrer do semestre serão feitas duas provas. Segunda chamada e exame final serão feitos conforme disposto nas resoluções CEPE-37/97 e CEPE-54/09.\r\n','Apresentar os conceitos de espac ̧os vetoriais, transformações lineares, produto interno e suas aplicações: resolver problemas envolvendo autovalores e autovetores, ortogonalidade e mudança de sistemas de coordenadas.\r\n','Ao fim desta disciplina o estudante deverá ter compreensão do conceito de espaço vetorial, saber trabalhar com transformações lineares, em particular saber resolver problemas de mudanças de bases, de autovalores e autovetores e de ortogonalidade, bem como compreender os conceitos envolvidos.\r\n','LEON, S. Álgebra Linear com aplicações, 4ª ed., LTC, Rio de Janeiro, 1999.\r\nBOLDRINI et al - Álgebra Linear, Harbra.','DAVID, C. I. - Álgebra Linear e suas Aplicações, Livros Técnicos e Científicos Editora.\r\nSTEVEN, I. L. - Álgebra Linear com Aplicações, LTC, RJ, 1999.\r\nLIMA, E. I - Álgebra Linear, Col. Matemática Universitária. IMPA, CNPq, RJ, 1996.',49,6,'2017-12-21 15:20:02','2018-05-17 17:49:48'),(7,2,'Corpos. Exemplos de corpos. Espaços vetoriais. Exemplos de espaços vetoriais de funções, matrizes e n-uplas ordenadas de números reais. Teoremas sobre espaços vetoriais. Transformações lineares. Exemplos e teoremas. Aplicações em cálculo diferencial e integral. Noções básicas sobre matrizes e sistemas lineares de equações. Operadores lineares e matrizes diagonalizáveis. Espaços com produto interno. Exemplos e teoremas. Operadores sobre espaços com produto interno. Noções elementares sobre o teorema espectral.\r\nCônicas. Quádricas.','Aulas expositivas e discussões em sala.','Três provas escritas e atividades complementares.','Estimular a autonomia intelectual dos alunos, capacitando-os para lerem textos técnicos que envolvam noções de álgebra linear.','Fornecer aos alunos do Curso de Física ferramentas elementares para futuros estudos sobre mecânica quântica e teorias clássicas de campos. Ambos os temas demandam bons conhecimentos de álgebra linear.','DAVID, C. I. - Álgebra Linear e suas Aplicações, Livros Técnicos e Científicos Editora.\r\n    STEVEN, I. L. - Álgebra Linear com Aplicações, LTC, RJ, 1999.\r\n    BOLDRINI et al - Álgebra Linear, Harbra.\r\n    LIMA, E. I - Álgebra Linear, Col. Matemática Universitária. IMPA, CNPq, RJ, 1996.','LIMA, E. I - Álgebra Linear, Col. Matemática Universitária. IMPA, CNPq, RJ, 1996.',8,7,'2017-12-21 15:20:20','2018-05-17 17:50:06'),(8,0,NULL,NULL,NULL,NULL,NULL,NULL,NULL,33,8,'2017-12-21 15:20:38','2017-12-21 15:20:38'),(9,2,'- Função real de uma variável: Continuidade: definição; Teorema do anulamento; Teorema do Valor Intermediário; Teorema de Weierstrass. Limites: definição; teoremas; limites laterais; limites no infinito; assíntotas.\r\n\r\n- Derivadas: Derivada: definição; diferenciabilidade e continuidade; Teorema do Valor Médio; regras de derivação para soma, produto, divisão e composição de funções; derivação implícita; derivadas de ordem superior. Aplicações: reta tangente a gráfico; crescimento e decrescimento de funções; concavidade e pontos de inflexão; máximos e mínimos de funções de uma variável; esboço de gráficos.\r\n\r\n- Integrais: Integral: primitivas; integral indefinida; integral definida; cálculo de áreas; Teorema Fundamental do Cálculo. Técnicas de integração: mudança de variáveis; integração por partes; integrais trigonométricas; frações parciais. Integrais impróprias. Fórmula de Taylor.\r\n\r\n- Introdução às equações diferenciais: equações diferenciais ordinárias separáveis.\r\n\r\n- Tópicos de Cálculo.','Serão ministradas aulas expositivas.','Serão realizados provas e testes escritos no decorrer do semestre. Os critérios de aprovação, bem como regras para segunda chamada e exame final, obedecerão o que está disposto na resolução CEPE-37/97 desta Universidade.','Apresentar os conceitos de limite, derivada e integral para funções de uma variável real, bem como suas aplicações.','Ao fim desta disciplina, o estudante deverá dominar técnicas para calcular limites, derivadas e integrais de funções de uma variável, bem como compreender todos os conceitos envolvidos. Além disso, deverá saber aplicar tais conteúdos em problemas de máximos e mínimos de funções de uma variável, de cálculo de retas tangentes a gráficos, de cálculo de áreas definidas por gráficos de funções, dentre outros.','GUIDORIZZI, H.L. - Um Curso de Cálculo, vol. 1, 5a edição, Editora LTC, Rio de Janeiro, 2001.\r\nSTEWART, J. - Cálculo, vol. 1, 8a edição, Cengage, São Paulo, 2017.\r\nLEITHOLD, L. - O Cálculo com Geometria Analítica, vol. 1, 3a edição, Harbra, São Paulo, 1994.','BOULOS, P. - Cálculo Diferencial e Integral, vol. 1, 1a edição, Pearson, São Paulo, 1999.\r\nSIMMONS, G.F. - Cálculo com Geometria Analítica, vol. 1, 1a edição, Pearson, São Paulo, 1996.\r\nANTON, H., BIVENS, I. e DAVIS, S. - Cálculo, vol. 1, 10a edição, Bookman, Porto Alegre, 2014.\r\nTHOMAS, G.B., WEIR, M.D. e HASS, J. - Cálculo, vol. 1, 12a edição, Pearson, São Paulo, 2012.\r\nFLEMMING, D.M. e GONÇALVES, M.B. - Cálculo A: Funções, Limite, Derivação e Integração, 6a edição, Pearson, São Paulo, 2006.',41,9,'2017-12-21 15:20:52','2018-05-08 20:16:14'),(10,2,'Função real de uma variável real: Módulo. Funções. Limite e continuidade: definição de limite, teoremas e aplicações; limites laterais; limites infinitos; limites no infinito; assíntotas verticais e horizontais. Continuidade: definição, teoremas e aplicações; continuidade com função composta, aplicações; teorema do valor intermediário, aplicações.\r\n\r\nDerivadas: Definição, teoremas e aplicações; derivabilidade e continuidade; derivada de função composta (regra da cadeia), aplicações; derivação implícita; derivadas de ordem superior; derivadas de funções inversas. Aplicações: máximos e mínimos absolutos e relativos; teoremas de Rolle e do valor médio; funções crescentes e\r\ndecrescentes, teste da derivada primeira; concavidade e pontos de inflexão; teste da derivada segunda para extremos relativos; regras de L\'Hospital; esboço do gráfico de funções; outras aplicações. Diferencial: definição e aplicações.\r\n\r\nIntegrais: Área: definição, teoremas e aplicações; teorema do valor médio para integrais definidas; teorema fundamental do cálculo; cálculo de áreas, volumes e comprimentos de curvas por integral definida; integral indefinida; técnicas\r\nde integração: integração por partes, integração por mudança de variáveis, integração das potências de seno, cosseno, tangente, cotangente, secante, cossecante, integração por substituição trigonométrica, integração das\r\nfunções racionais. Aplicações.\r\n\r\nIntrodução às equações diferenciais: Exemplos de equações diferenciais; equações diferenciais de 1a ordem de variáveis separáveis: soluções constantes e não-constantes; equações diferenciais lineares de 1a ordem.\r\n\r\nTópicos de Cálculo: Fórmula de Taylor: aproximação local de uma função derivável por uma função afim; polinômio de Taylor de ordem 2; polinômio de Taylor de ordem n.','A disciplina será desenvolvida mediante aulas expositivo-dialogadas, quando serão apresentados os conteúdos teóricos. Serão utilizados os seguintes recursos: quadro e giz, aulas expositivas, resolução de problemas. É fundamental que os estudantes trabalhem sobre os problemas propostos.','Ao longo do semestre, serão realizadas três provas escritas (P1, P2 e P3) e um exame final. A média do aluno será calculada através da fórmula M = (P1+P2+P3)/3. Aqueles alunos com média M igual ou superior a 7,0 e frequência igual ou superior a 75% serão considerados aprovados; aqueles com média M entre 4,0 e 6,9 e frequência igual ou superior a 75% deverão fazer o exame final: suas médias serão então calculadas por (M+F)/2, em que F é a nota obtida no exame; alunos com média M inferior a 4,0 ou frequência inferior a 75% serão considerados reprovados.','Ao final do curso, o aluno deverá ter assimilado um conjunto de informações que o capacitem a entender e trabalhar com os conceitos básicos de cálculo.','Além dos conceitos básicos, o aluno deverá, por exemplo, ser capaz de calcular limites, derivadas e integrais de funções reais de uma variável real, tendo habilidade para decisão de qual procedimento é mais adequado; compreender como esses conceitos se relacionam com o comportamento de uma função; calcular, como aplicação de integral, área, volume e comprimento de arco; sintetizar um problema simples em forma de equação diferencial e resolvê-lo.','GUIDORIZZI, H. L. - Um Curso de Cálculo, vol. 1, Editora LTC, RJ.\r\nJ. STEWART – Cálculo, Vol. 1. Thomson Learning.\r\nG. B. THOMAS – Cálculo, Vol. 1. Pearson.\r\n','LEITHOLD, L. - O Cálculo com Geometria Analítica, v.1, Harbra, RJ\r\nSWOKOWSKI, E. - Cálculo com Geometria Analítica, v.1 e 2. Makron, SP.\r\nF. U. COELHO – Cálculo em uma variável. Editora Saraiva, 2013.',57,10,'2017-12-21 15:21:08','2018-05-09 18:51:55'),(11,2,'Função real de uma variável real: Números reais. Módulo. Intervalos. Funções. Limite: definição, teoremas e propriedades, limites laterais, limites infinitos, limites no infinito, assíntotas verticais e horizontais. Continuidade: definição, teoremas e propriedades; teorema do valor intermediário.\r\n\r\nDerivadas: definição, teoremas e propriedades, derivabilidade e continuidade, regras de derivação, derivada de função composta (regra da cadeia), derivação implícita, derivadas de ordem superior. Aplicações: reta tangente, máximos e mínimos, intervalos de crescimento e decrescimento, concavidade e pontos de inflexão, regras de L\'Hospital, esboço de gráfico de funções, outras aplicações. Taxa de variação.\r\n\r\nIntegrais: definição, teoremas e propriedades, teorema fundamental do cálculo, cálculo de áreas.\r\nTécnicas de integração: integração por partes, mudança de variável, integração por substituição trigonométrica, integração das funções racionais. Integrais impróprias. Fórmula de Taylor.\r\n\r\nIntrodução às equações diferenciais: alguns exemplos.\r\n\r\nTópicos de Cálculo.','Serão ministradas aulas expositivo-dialogadas, com ou sem uso de multimídia, aulas de exercícios, entre outros.','No decorrer do semestre serão realizados testes e provas. Segunda chamada e exame final serão realizados conforme as resoluções vigentes da UFPR.','Apresentar aos alunos os conceitos de limite, continuidade, diferenciabilidade e integração de funções reais de uma variável real.','Ao fim desta disciplina o estudante deverá ser capaz de manipular com fluência as funções reais de uma variável real, utilizando-as em diversos tipos de problema. Além disso, deverá apresentar a habilidade de calcular limites, derivadas e integrais dessas funções. Deverá também extrair das informações disponíveis as propriedades que forem importantes para resolver os problemas em questão.','GUIDORIZZI, H. L. - Um Curso de Cálculo, volume 1, Editora LTC, RJ.\r\nSTEWART, J. - Cálculo, volume 1, Editora Cengage Learning, SP.\r\nFLEMMING, D.V. e GONÇALVES, M.B. Cálculo A, Editora Pearson, SP.','LEITHOLD, L. - O Cálculo com Geometria Analítica, v.1, Harbra, RJ\r\nSWOKOWSKI, E. - Cálculo com Geometria Analítica, v.1 e 2. Makron, SP.',45,11,'2017-12-21 15:21:21','2018-05-09 18:55:21'),(13,0,NULL,NULL,NULL,NULL,NULL,NULL,NULL,52,NULL,'2017-12-21 15:21:39','2018-02-23 17:43:15'),(14,2,'1- Revisão de Funções. \r\n2- Limites. \r\n3- Derivação.\r\n4- Derivação de funções trigonométricas, exponenciais e logarítmicas.\r\n5- Teorema do Valor Médio e Aplicações.\r\n6- Integração\r\n7- Técnicas de Integração e Aplicações.\r\n8- Noções de Equações Diferenciais','Três aulas por semana, sendo duas aulas teóricas e uma de exercícios.','Três provas com pesos iguais e um exame final.','Dotar o estudante da capacidade de resolver problemas por meio do cálculo de derivadas e integrais, inclusive problemas envolvendo funções trigonométricas, exponenciais e logarítmicas. O estudante deve ter boa competência para efetuar cálculos com derivadas e integrais associada a uma habilidade para solucionar alguns exercícios teóricos e de raciocínio lógico envolvendo os conceitos estudados.','Preparar os estudantes para as disciplinas mais avançadas de cálculo bem como para as disciplinas específicas de sua formação onde as técnicas e conceitos do cálculo são utilizadas.','STEWART, J. - Cálculo, vol. 1, Cengage, SP\r\nGUIDORIZZI, H. L. - Um Curso de Cálculo, vol. 1, Editora LTC, RJ.\r\nLEITHOLD, L. - O Cálculo com Geometria Analítica, v.1, Harbra, RJ\r\nSWOKOWSKI, E. - Cálculo com Geometria Analítica, v.1 e 2. Makron, SP.','STEWART, J. - Cálculo, vol. 1, Cengage, SP\r\nGUIDORIZZI, H. L. - Um Curso de Cálculo, vol. 1, Editora LTC, RJ.\r\nLEITHOLD, L. - O Cálculo com Geometria Analítica, v.1, Harbra, RJ\r\nSWOKOWSKI, E. - Cálculo com Geometria Analítica, v.1 e 2. Makron, SP.',21,14,'2017-12-21 15:21:50','2018-05-09 18:57:22'),(15,0,'1.Função Real de Uma Variável Real:\r\nFunções Elementares; Adição, Subtração, Multiplicação, Divisão e Composição de tais funções; Limites e Continuidade; Definições, Teoremas e Aplicações de tais Conceitos.\r\n2. Derivadas: \r\nDerivadas das Funções Elementares, da Soma, da Diferença, do Produto, do Quociente e da Composta (Regra da Cadeia) de Funções; Otimização;\r\nTaxas de Variações; Definições, Teoremas e Aplicações de tais Conceitos.\r\n3. Integrais:\r\nIntegrais Definidas e Indefinidas; Técnicas de Integração; Cálculo de Áreas e Volumes; Definições, Teoremas e Aplicações de tais Conceitos.\r\n4. Introdução às Equações Diferenciais;\r\n5. Tópicos de Cálculo.','','Serão realizadas duas provas ao longo do semestre. A média aritmética (MA) entre tais provas deve estar no intervalo [70,100] para aprovação sem exame final. Será realizado um exame final para o aluno(a) cuja MA das duas primeiras provas esteja no intervalo [40,69] e que não esteja reprovado(a) por faltas.','','','GUIDORIZZI, H. L. - Um Curso de Cálculo, vol. 1, Editora LTC, RJ;\r\nLEITHOLD, L. - O Cálculo com Geometria Analítica, v.1, Harbra, RJ;\r\nSWOKOWSKI, E. - Cálculo com Geometria Analítica, v.1 e 2. Makron, SP;\r\nGONICK, L. - Cálculo em Quadrinhos, Editora Edgard Blucher, SP.','GONICK, L. - Cálculo em Quadrinhos, Editora Edgard Blucher, SP.',36,15,'2017-12-21 15:22:04','2018-02-26 22:44:56'),(16,0,NULL,NULL,NULL,NULL,NULL,NULL,NULL,15,16,'2017-12-21 15:22:18','2017-12-21 15:22:18'),(17,2,'Funções vetoriais: Funções vetorias e curvas espaciais, derivadas e integrais de funções vetoriais, comprimento de arco e curvatura.\r\nDerivadas parciais: Funções de várias variáveis, limites e continuidades, derivadas parciais, planos tangentes e aproximações lineares, regra da cadeia, derivadas direcionais e vetor gradiente, valores máximo e mínimo, multiplicadores de Lagrange.\r\nIntegrais múltiplas: Integrais duplas sobre retângulos, integrais iteradas, integrais duplas sobre regiões genéricas, integrais duplas em coordenadas polares, aplicações de integrais duplas, área de superfície, integrais triplas, integrais triplas em coordenadas cilíndricas e esféricas, mudança de variáveis em integrais múltiplas.\r\nCálculo vetorial: Campos vetoriais, integrais de linha, Teorema fundamental para as integrais de linnha, Teorema de Green, rotacional e divergência, superfícies paramétricas e suas áreas, integrais de superfície, Teorema de Stokes, Teorema da Divergência.','Serão ministradas aulas expositivo-dialogadas.','Serão aplicadas três provas escritas.','Introduzir ao aluno o cálculo diferencial e integral com várias variáveis.','Ao fim desta disciplina o aluno deverá saber trabalhar com funções multivariadas no âmbito de cálculo, e conseguir identificar alguns problemas em que esse conhecimento pode ser aplicado.','STEWART, J. - Cálculo, v.2, Pioneira, SP, 2006.\r\nGUIDORIZZI, H. L. - Um Curso de Cálculo, vol. 1, Editora LTC, RJ.\r\nLEITHOLD, L. - O Cálculo com Geometria Analítica, v.2, Harbra, RJ\r\n','SWOKOWSKI, E. - Cálculo com Geometria Analítica, v.2, Makron, SP.\r\nAPOSTOL, T. M. - Calculus, v.2, 2a ed, Wiley, NY, 1969\r\nANTON, H., DAVIS, S. L., BIVENS, I. C. - Cálculo, v.2, 10a ed. Bookman, 2014.\r\n',5,17,'2017-12-21 15:22:38','2018-05-08 20:14:34'),(18,0,NULL,NULL,NULL,NULL,NULL,NULL,NULL,37,18,'2017-12-21 15:22:50','2017-12-21 15:22:50'),(19,2,'Funções vetoriais de uma variável  real: limites, derivadas e integrais; comprimento de arco; vetores unitários da tangente e da normal, interpretação física; comprimento de arco como parâmetro; curvatura.\r\n\r\nCálculo diferencial de funções  de mais de uma variável: limites, continuidade, gráfico, curvas de nível derivadas parciais, diferenciabilidade, Regra da cadeia, derivadas parciais de ordem superior, derivadas direcionais e gradientes; planos tangentes e normais a superfícies; extremos de funções  de várias variáveis; derivação de funções implícitas; Multiplicadores de Lagrange; obtenção  de uma função a partir  do seu gradiente e diferencial exata; aplicações.\r\n\r\nIntegração Múltipla: Integrais duplas; cálculo de áreas e volumes; Integração tripla; Mudança de variáveis em integrais múltiplas; Aplicações.\r\n\r\nCálculo Vetorial: Campos vetoriais; Integrais de linha; Integrais de superfície; Teoremas de Green, Gauss e Stokes; Aplicações.\r\n\r\nTópicos de Cálculo','Serão ministradas aulas expositivas sobre os conteúdos, nas quais  os alunos serão também incentivados a resolver alguns exercícios propostos durante o desenvolvimento dos assuntos. Tais exercícios serão resolvidos no quadro, pela professora, logo após o intervalo de tempo estabelecido para os alunos. ','Serão realizadas três provas (P1, P2 e P3) discursivas e individuais durante o semestre. A média final será a média aritmética entre as três notas. \r\nAs datas para as avaliações são:\r\nP1: 21/03/2018,\r\nP2: 02/05/2018,\r\nP3: 13/06/2018,\r\nO Exame final  está agendado para o dia 04/07/2018.','Desenvolver habilidades de identificação, manipulação, cálculo e resolução em problemas que envolvam funções de R^m em R^n.','Identificar funções de R^n em R^m em geral e em casos específicos, onde  a intuição geométrica se faz presente;\r\nDeterminar domínios, imagens, derivadas, integrais das funções  de R^n em R^m; \r\nManipular com destreza as operações  com derivadas e integrais  das funções  de R^n em R^m;\r\nEntender os significados físicos e geométricos das   funções  de R^n em R^m, bem como o de suas derivadas e integrais;\r\nResolver problemas que envolvam funções  de R^n em R^m usando as ferramentas do Cálculo;','GUIDORIZZI, H. L. - Um Curso de Cálculo, vol. 2, Editora LTC, RJ.\r\n   LEITHOLD, L. - O Cálculo com Geometria Analítica, v.2, Harbra, RJ\r\n    SWOKOWSKI, E. - Cálculo com Geometria Analítica, v.2, Makron, SP.','LEITHOLD, L., O Cálculo com Geometria Analítica, V. 2, Harbra, RJ, 1994.\r\nSWOKOWSKI, E. , Cálculo com Geometria Analítica, V. 2, Makron, SP, 1994.\r\nSTEWART, J., Cálculo, V. 2, Cengage Learning, SP,  2016.\r\nTHOMAS, G. B.; WEIR, M. D.; HASS, J., Cálculo, V. 2, Pearson Education do Brasil, SP, 2012.\r\nGUIDORIZZI, H. L., Um Curso de Cálculo,  V. 2 e 3, LTC, RJ, 1986. ',50,19,'2017-12-21 15:23:10','2018-05-08 20:14:49'),(20,2,'Equações diferenciais ordinárias de primeira ordem: Equação linear, não homogênea, com coeficiêntes variáveis, métodos de resolução de EDO´s não lineares, variáveis separáveis, Bernoulli.\r\n\r\nEquações diferenciais de segunda ordem: Equações homogêneas com coeficientes constantes. Soluções fundamentais da equação homogênea. Independência linear e Wronskiano. Equação característica e soluções. Método dos coeficientes a determinar. Variação de parâmetros. Aplicações. Introdução ás séries. Soluções em Séries de equações diferenciais lineares, método das séries de potência e método de Frobenius, equações de: Euler, Legendre, Bessel e aplicações.\r\n\r\nTransformadas de Laplace: O conceito de transformação integral e a transformada de Laplace. Cálculo de transformadas de funções elementares. Algumas transformadas inversas imediatas. Convolução e transformada de Laplace. Aplicações.\r\n\r\nSistemas de equações diferenciais ordinárias. Teoria básica dos sistemas de equações diferenciais lineares de primeira ordem. Autovalores do sistema e soluções. Sistemas lineares não-homogêneas.\r\n','Aulas expositivas, com uso de multimídia e participação de alunos em seminários ou projetos.','No decorrer do semestre serão feitas provas e/ou trabalhos, testes, apresentação de seminários, etc. Segunda chamada e exame ﬁnal serão feitos conforme disposto nas resoluções CEPE-37/97 e CEPE-54/09.\r\n','Apresentar diversas técnicas de resolução de equações diferenciais ordinárias.','Ao fim desta disciplina o aluno deverá dominar as técnicas de resolução de equações diferenciais ordinárias de primeira ordem (separação de variáveis, lineares, Bernoulli, exatas) assim como de sistemas de edo´s de primeira ordem. Também deverá dominar técnicas de resolução de edo´s de segunda ordem com coeficientes constantes (variação dos parâmetros, coeficientes a determinar). Também deverá saber usar o método das séries de potências e o método de Laplace.','BOYCE, W.E. e DI PRIMA, R.C. - Equações Diferenciais Elementares e Problemas de Valores de Contorno, LTC, RJ.\r\n    \r\nBRONSON, R. - Equações Diferenciais. McGraw-Hill.\r\n   \r\n KREYSZIG, E. - Matemática Superior, v.1 - LTC, RJ.\r\n\r\n    SPIEGEL, M. - Transformada de Laplace. McGraw-Hill.','Zill, D. G., Cullen, M. R., Equações Diferenciais, vol 1 e 2, 3a. ed, Makron Books, 2001.\r\n\r\nKaplan, W., Cálculo Avançado, 7a. ed., vol. 2, Edgard Blücher, 1996. Paulo.\r\n\r\nMuñoz Rivera, Jaime; Cálculo diferencial II & Equações Diferenciais; LNCC, 2006.',14,20,'2017-12-21 15:23:27','2018-05-08 20:15:31'),(21,0,NULL,NULL,NULL,NULL,NULL,NULL,NULL,27,21,'2017-12-21 15:23:39','2017-12-21 15:23:39'),(22,0,NULL,NULL,NULL,NULL,NULL,NULL,NULL,37,23,'2017-12-21 15:23:59','2017-12-21 15:23:59'),(23,0,NULL,NULL,NULL,NULL,NULL,NULL,NULL,37,22,'2017-12-21 15:24:07','2017-12-21 15:24:07'),(24,0,'Equacoes Diferenciais de primeira ordem, equacoes diferenciais de segunda ordem, transformada de laplace e resolucao de equacoes diferenciais por series.','','Lista de exercicios, 3 provas e Prova Final','Fornecer ferramentas aos alunos para que possam  aprender e aplicar metodos de resolucao de  equacoes diferenciais ordinarias.',' Desenvolver conceitos de equação diferencial ordinária, sistemas diferenciais\r\nordinários e problemas diferenciais, como problema de condições iniciais, o de\r\ncondições de contorno, o de autovalores e autofunções;\r\n- Introduzir os resultados principais da teoria de existência e unicidade das soluções\r\ndos problemas diferenciais com um estudo mais profundo no caso de equações e\r\nsistemas lineares;\r\n- Estudar métodos de resolução de equações diferenciais de primeira ordem de tipos\r\ndiferentes;\r\n- Estudar métodos de resolução de equações diferenciais de ordem superior;\r\n- Estudar métodos de resolução de sistemas de equações diferenciais no caso linear\r\ncom coeficientes constantes;\r\n- Descrever modelos de aplicações (físicas e geométricas) resolvidos por construção\r\ndos problemas diferenciais adequados e sua posterior resolução. ','   BOYCE, W.E. e DI PRIMA, R.C. - Equações Diferenciais Elementares e Problemas de Valores de Contorno, LTC, RJ.\r\n    BRONSON, R. - Equações Diferenciais. McGraw-Hill.\r\n    KREYSZIG, E. - Matemática Superior, v.1 - LTC, RJ.\r\n    SPIEGEL, M. - Transformada de Laplace. McGraw-Hill.','',55,24,'2017-12-21 15:24:19','2018-03-10 22:44:42'),(25,2,'Números complexos, Funções de Variáveis Complexas, Integrais Complexas, Séries de Taylor, Séries de Laurent, Teorema dos Resíduos, Séries de Fourier e Integrais de Fourier, Equações Diferenciais Parciais ','Aulas expositivas e resolução de problemas.','Serão realizadas 3 avaliações escritas, sendo que apenas as duas maiores notas serão utilizadas para compor a média final. ','Identificar, interpretar e resolver problemas relacionados ao conteúdo programático. ','Resolver problemas e interpretar os resultados, utilizando tópicos do programa.','BOYCE, W.E. e DI PRIMA, R.C. - Equações Diferenciais Elementares e Problemas de Valores de Contorno, LTC, RJ.\r\nKREYSZIG, E. - Matemática Superior, v.1 - LTC, RJ.','BOYCE, W.E. e DI PRIMA, R.C. - Equações Diferenciais Elementares e Problemas de Valores de Contorno, LTC, RJ.\r\nKREYSZIG, E. - Matemática Superior, v.1 - LTC, RJ.',51,25,'2017-12-21 15:24:34','2018-05-09 18:58:45'),(26,2,'Função de variável complexa: números complexos, funções de variável complexa, limites e continuidade de funções, equações de Cauchy-Riemann, fórmulas integrais de Cauchy, séries de laurent, teorema dos resíduos.\r\nSéries e integrais de Fourier: Séries de Fourier, forma complexa das séries de Fourier, transformada de Fourier, relação entre as transformadas de Fourier e Laplace, fórmula de inversão da transformada de Fourier.\r\nEquações diferenciais parciais: Equações do calor, da onda e de Laplace, soluções por separação de variáveis, problema de Sturm-Liouville.','Serão ministradas aulas, disponibilizado listas de exercícios e atendimento individual para dúvidas.','Serão feitas três avaliações escritas e individuais.','Desenvolver a teoria necessária para obter técnicas que permitam resolver alguns modelos das equações do calor, da onda e Laplace.','1) Estudar as funções de uma variável complexa, explorar suas propriedades topológicas, definir o conceito de diferenciabilidade e integrabilidade e suas consequências.\r\n2) Definir as séries de Fourier e a transformada de Fourier. Estudar suas propriedades e explorarar suas consequências na representação de certas funções.\r\n3) Utilizar as teorias desenvolvidas para obter soluções de alguns problemas de EDP: equações do calor, onda e Laplace.','-    KREYSZIG, E. - Matemática Superior, v.1 - LTC, RJ.\r\n- Boyce, W., DiPrima, R. - Equações Diferenciais Elementares e Problemas de Valores de Contorno - LTC.\r\n','-    KREYSZIG, E. - Matemática Superior, v.1 - LTC, RJ.\r\n- Boyce, W., DiPrima, R. - Equações Diferenciais Elementares e Problemas de Valores de Contorno - LTC.\r\n- Ávila, G. - Funções de uma variável complexa - IMPA\r\n- Rivera, J. - Introdução as equações diferenciais parciais - LNCC\r\n- Guidorizzi, H. - Um curso de cálculo, v. 4 - LTC',38,26,'2017-12-21 15:24:47','2018-05-09 18:59:17'),(27,2,'Vetores no plano e no espaço. Retas e planos no espaço com coordenadas cartesianas. Translação e rotação de eixos. Curvas no plano. Superfícies. Outros sistemas de coordenadas. \r\n','Aulas expositivas com o auxílio de artefatos tecnológicos (Geogebra e Power Point), contudo, procurando estabelecer um ambiente dialógico e comunicativo. ','Duas avaliações formais (Prova P1 e Prova P2) com o mesmo peso. ','Desenvolver junto ao aluno as habilidades matemáticas (espacial, algébrica, vetorial e analítica) bem como as habilidades de resolução de problemas que permitirão a compreensão, o entendimento de situações ligadas a outras disciplinas e áreas do conhecimento. \r\n','Capacitar o aluno a operar com vetores; reconhecer conjuntos linearmente dependentes e linearmente independentes; efetuar combinações lineares e produtos entre vetores; utilizar vetores para resolver problemas de Geometria Espacial envolvendo retas, planos e superfícies; caracterizar e escrever as equações das cônicas. \r\n','BOULOS, P. e CAMARGO, I. \"Geometria Analítica: um tratamento vetorial\". 3. ed. rev. e ampl. São Paulo: Prentice Hall, 2005.\r\nSTEINBRUCH, A. e WINTERLE, P. \"Geometria Analítica\". 2. ed. São Paulo: Pearson Education do Brasil, 1987. .','FEITOSA, M. O. \"Cálculo Vetorial e Geometria Analítica: exercícios propostos e resolvidos\". 4.ed. (revisada e ampliada). São Paulo: Atlas, 1988. ',22,27,'2017-12-21 15:24:59','2018-05-17 17:50:16'),(28,2,'Tópicos da unidade:\r\n\r\n01) Vetores no plano e no espaço. Noções geométricas de vetores, notações, operações, vetores paralelos, vetores unitários, ângulos entre vetores, definição algébrica, operações, produto escalar, projeções, produto vetorial e produto misto.\r\n02) Retas e planos com coordenadas cartesianas. Equações de reta, posição relativa entre retas, ângulos entre retas, equações de plano, posição relativa entre plano e reta, distâncias entre ponto e plano, reta e plano e entre planos.\r\n03) Translações e rotações. Transformações afins, lineares e rotações.\r\n04) Curvas no plano. Curvas paramétricas e cônicas.\r\n05) Superfícies. Superfícies de revolução, superfícies quádricas e superfícies cilíndricas.\r\n06) Outros sistemas de coordenadas. Coordenadas polares, coordenadas cilíndricas e coordenadas esféricas.\r\n','As aulas teóricas serão expositivas e dialogadas, permeadas com atividades de leitura e pesquisa bibliográfica em forma de exercícios. Como meios de ensino serão utilizados: lousa e equipamento de multimídia. Durante as aulas os alunos serão incentivados a participar a fim de esclarecer as dúvidas e contribuir com exemplos e sugestões. No decorrer das aulas alguns momentos serão destinados a resolução de exercícios.','A avaliação nesta disciplina se dará em duas etapas. A primeira é uma prova individual realizada ao final do item 3 do Programa cujo valor é de 100 pontos. A segunda se dará de forma semelhante, composta por uma prova ao final do item 6 com valor de 100 pontos.\r\n\r\nCálculo da Média - Condições para Aprovação na Disciplina CM045: O cálculo da média será feito da seguinte forma M = (P1 + P2)/2, onde M é a média, P1 nota da primeira prova e P2 nota da segunda prova.\r\nCaso M >= 70 o aluno terá a nota final NF igual a Média M e frequência igual ou superior a 75%, o aluno estará aprovado.\r\nCaso M < 40 o aluno terá a nota final NF igual a Média M, e o aluno estará reprovado.\r\nCaso 40 =< M < 70 o aluno é obrigado a fazer o exame, e a nota final será dada por NF = (M + E)/2, onde E é a nota do exame. Neste caso se NF >= 50 o aluno estará aprovado, e se NF < 50 o aluno estará reprovado.\r\nFrequência: O aluno que não atingir frequência mínima de 75% das aulas estará automaticamente reprovado, salvo nos casos previstos em lei.\r\nSegunda Chamada: Haverá uma única prova de segunda chamada, para alunos que faltarem a alguma das provas. Para ter direito a segunda chamada, o aluno precisará apresentar justificativa por escrito e preencher requerimento para tal fim no Departamento de Matemática. A prova de Segunda Chamada versará sobre o conteúdo de todo a disciplina. Terão direito à realização de prova de segunda chamada os estudantes cujas situações se enquadram nas Resoluções no 37/97 e no 54/09, do Conselho de Ensino, Pesquisa e Extensão da UFPR.\r\nMais informações no site http://www.ufpr.br/soc/ no link ”Resoluções Vigentes”.\r\n','A disciplina visa promover um entendimento claro sobre o uso de procedimentos analíticos para a resolução de problemas geométricos, através de diferentes sistemas de coordenadas no plano e no espaço, da representação de curvas e de superfícies e dos conceitos de vetor e suas operações, alicerçado nos seguintes objetivos específicos:','1.	Compreender os conceitos de vetor e suas operações;\r\n2.	Modelar equações matemáticas de retas e superfícies em duas e três dimensões e\r\n3.	Desenvolver aptidão para analisar e resolver problemas matemáticos com cunho geométrico.','BOULOS, P. e CAMARGO, I. - Geometria Analítica: um tratamento vetorial. McGraw-Hill, SP.\r\n    STEIBRUCH, A. e WINTERLE, P. - Geometria Analítica, McGraw-Hill.','- A. STEINBRUCH, P. WINTERLE Geometria Analítica. Pearson, 1987.\r\n- P. WINTERLE Vetores e Geometria Analítica, Makron, 2010.\r\n- IEZZI, G. Fundamentos da Matemática Elementar, Geometria Analítica.\r\n',53,28,'2017-12-21 15:25:14','2018-05-17 17:50:33'),(29,2,' 01 Vetores: Conceito. Operações com vetores. Combinação linear de vetores. Produto escalar. Produto vetorial e produto misto. Aplicações.\r\n02 Retas e planos no espaço: Equações da reta no plano e no espaço: vetorial, paramétricas e gerais. Posição relativa entre duas retas. Ângulo entre retas. Interseção de retas. Equações do plano: vetorial, paramétricas e gerais. Posições relativas entre plano e retas. Interseções com retas e planos.\r\n03. Translação e rotação de eixos: No plano e no espaço. Simplificação de equações de segundo grau, por essas mudanças de coordenadas.\r\n04. Curvas no plano: Problemas de distâncias envolvendo pontos, retas e planos. A elipse. A hipérbole. A parábola. equação geral de uma cônica. Retas tangentes a curvas no plano.\r\n05. Superfícies:Esfera, elipsóide, parabolóide, hiperbolóide, cilíndro. Quádricas. Planos tangentes a superficies. Equações de curvas e superfícies. \r\n06. Outros sistemas de coordenadas. Coordenadas polares no plano. Coordenadas cilíndricas e esfericas no espaço. Equação polar de uma reta, elipse, circulo, parábola, hipérbola. ','A disciplina será desenvolvida mediante aulas expositivo-dialogadas quando apresentados os conteúdos curriculares teóricos, posteriormente serão desenvolvidos exercícios para a aplicação da teoria.\r\n','No decorrer do semestre serão feitas tres provas e a nota final sera a media destas tres notas. Segunda chamada e exame final serão feitos conforme disposto nas resoluções CEPE-37/97 e CEPE-54/09.','Aprender métodos algébricos para interpretar e resolver situações que envolvam retas, planos, curvas e superfícies.','Identificar as equações de cônicas e retas no plano e reconhecer as equações de superfícies e planos no espaço. Estudar analiticamente a relação entre pontos e rectas, entre retas e cônicas.\r\nEstudar analiticamente a relação entre pontos e rectas e planos, entre retas planos e superficies.','BOULOS, P. e CAMARGO, I. - Geometria Analítica: um tratamento vetorial. McGraw-Hill, SP.\r\n STEIBRUCH, A. e WINTERLE, P. - Geometria Analítica, McGraw-Hill.','P. WINTERLE Vetores e Geometria Analítica, Makron, 2010\r\nANTON H., C. RORRES Álgebra Linear com Geometria Analítica',52,29,'2017-12-21 15:25:33','2018-05-17 17:50:43'),(30,0,NULL,NULL,NULL,NULL,NULL,NULL,NULL,44,30,'2017-12-21 15:25:47','2017-12-21 15:25:47'),(31,2,'01) Vetores no plano e no espaço. Noções geométricas de vetores, notações, operações, vetores paralelos, vetores unitários, ângulos entre vetores, definição algébrica, operações, produto escalar, projeções, produto vetorial e produto misto.\r\n02) Retas e planos com coordenadas cartesianas. Equações de reta, posição relativa entre retas, ângulos entre retas, equações de plano, posição relativa entre plano e reta, distâncias entre ponto e plano, reta e plano e entre planos.\r\n03) Translações e rotações. Transformações afins, lineares e rotações.\r\n04) Curvas no plano. Curvas paramétricas e cônicas.\r\n05) Superfícies. Superfícies de revolução, superfícies quádricas e superfícies cilíndricas.\r\n06) Outros sistemas de coordenadas. Coordenadas polares, coordenadas cilíndricas e coordenadas esféricas.\r\n','As aulas teóricas serão expositivas e dialogadas, permeadas com atividades de leitura e pesquisa bibliográfica em forma de exercícios. Como meios de ensino serão utilizados: lousa e equipamento de multimídia. Durante as aulas os alunos serão incentivados a participar a fim de esclarecer as dúvidas e contribuir com exemplos e sugestões. No decorrer das aulas alguns momentos serão destinados a resolução de exercícios.','A avaliação nesta disciplina se dará em duas etapas. A primeira é uma prova individual realizada ao final do item 3 do Programa cujo valor é de 100 pontos. A segunda se dará de forma semelhante, composta por uma prova ao final do item 6 com valor de 100 pontos.\r\n\r\nCálculo da Média - Condições para Aprovação na Disciplina CM045: O cálculo da média será feito da seguinte forma M = (P1 + P2)/2, onde M é a média, P1 nota da primeira prova e P2 nota da segunda prova.\r\nCaso M >= 70 o aluno terá a nota final NF igual a Média M e frequência igual ou superior a 75%, o aluno estará aprovado.\r\nCaso M < 40 o aluno terá a nota final NF igual a Média M, e o aluno estará reprovado.\r\nCaso 40 =< M < 70 o aluno é obrigado a fazer o exame, e a nota final será dada por NF = (M + E)/2, onde E é a nota do exame. Neste caso se NF >= 50 o aluno estará aprovado, e se NF < 50 o aluno estará reprovado.\r\nFrequência: O aluno que não atingir frequência mínima de 75% das aulas estará automaticamente reprovado, salvo nos casos previstos em lei.\r\nSegunda Chamada: Haverá uma única prova de segunda chamada, para alunos que faltarem a alguma das provas. Para ter direito a segunda chamada, o aluno precisará apresentar justificativa por escrito e preencher requerimento para tal fim no Departamento de Matemática. A prova de Segunda Chamada versará sobre o conteúdo de todo a disciplina. Terão direito à realização de prova de segunda chamada os estudantes cujas situações se enquadram nas Resoluções no 37/97 e no 54/09, do Conselho de Ensino, Pesquisa e Extensão da UFPR.\r\nMais informações no site http://www.ufpr.br/soc/ no link ”Resoluções Vigentes”.\r\n','A disciplina visa promover um entendimento claro sobre o uso de procedimentos analíticos para a resolução de problemas geométricos, através de diferentes sistemas de coordenadas no plano e no espaço, da representação de curvas e de superfícies e dos conceitos de vetor e suas operações, alicerçado nos seguintes objetivos específicos:','1.	Compreender os conceitos de vetor e suas operações;\r\n2.	Modelar equações matemáticas de retas e superfícies em duas e três dimensões e\r\n3.	Desenvolver aptidão para analisar e resolver problemas matemáticos com cunho geométrico.\r\n','BOULOS, P. e CAMARGO, I. - Geometria Analítica: um tratamento vetorial. McGraw-Hill, SP.\r\n    STEIBRUCH, A. e WINTERLE, P. - Geometria Analítica, McGraw-Hill.','- A. STEINBRUCH, P. WINTERLE Geometria Analítica. Pearson, 1987.\r\n- P. WINTERLE Vetores e Geometria Analítica, Makron, 2010.\r\n- IEZZI, G. Fundamentos da Matemática Elementar, Geometria Analítica.\r\n',53,31,'2017-12-21 15:26:00','2018-05-17 17:50:54'),(32,2,'01 Vetores: Conceito. Operações com vetores. Combinação linear de vetores. Produto escalar. Produto vetorial e produto misto. Aplicações.\r\n02 Retas e planos no espaço: Equações da reta no plano e no espaço: vetorial, paramétricas e gerais. Posição relativa entre duas retas. Ângulo entre retas. Interseção de retas. Equações do plano: vetorial, paramétricas e gerais. Posições relativas entre plano e retas. Interseções com retas e planos.\r\n03. Translação e rotação de eixos: No plano e no espaço. Simplificação de equações de segundo grau, por essas mudanças de coordenadas.\r\n04. Curvas no plano: Problemas de distâncias envolvendo pontos, retas e planos. A elipse. A hipérbole. A parábola. equação geral de uma cônica. Retas tangentes a curvas no plano.\r\n05. Superfícies:Esfera, elipsóide, parabolóide, hiperbolóide, cilíndro. Quádricas. Planos tangentes a superficies. Equações de curvas e superfícies. \r\n06. Outros sistemas de coordenadas. Coordenadas polares no plano. Coordenadas cilíndricas e esfericas no espaço. Equação polar de uma reta, elipse, circulo, parábola, hipérbola. ','A disciplina será desenvolvida mediante aulas expositivo-dialogadas quando apresentados os conteúdos curriculares teóricos, posteriormente serão desenvolvidos exercícios para a aplicação da teoria.','No decorrer do semestre serão feitas tres provas e a nota final sera a media destas tres notas. Segunda chamada e exame final serão feitos conforme disposto nas resoluções CEPE-37/97 e CEPE-54/09.','Aprender métodos algébricos para interpretar e resolver situações que envolvam retas, planos, curvas e superficies.','Identificar as equações de cônicas e retas no plano e reconhecer as equações de superfícies e planos no espaço. Estudar analiticamente a relação entre pontos e rectas, entre retas e cônicas.\r\nEstudar analiticamente a relação entre pontos e rectas e planos, entre retas planos e superficies.','BOULOS, P. e CAMARGO, I. - Geometria Analítica: um tratamento vetorial. McGraw-Hill, SP.\r\n STEIBRUCH, A. e WINTERLE, P. - Geometria Analítica, McGraw-Hill.','P. WINTERLE Vetores e Geometria Analítica, Makron, 2010\r\nANTON H., C. RORRES Álgebra Linear com Geometria Analítica',52,32,'2017-12-21 15:26:10','2018-05-17 17:51:03'),(33,0,NULL,NULL,NULL,NULL,NULL,NULL,NULL,44,33,'2017-12-21 15:26:19','2017-12-21 15:26:19'),(34,2,' 01 Vetores: Conceito. Operações com vetores. Combinação linear de vetores. Produto escalar. Produto vetorial e produto misto. Aplicações.\r\n02 Retas e planos no espaço: Equações da reta no plano e no espaço: vetorial, paramétricas e gerais. Posição relativa entre duas retas. Ângulo entre retas. Interseção de retas. Equações do plano: vetorial, paramétricas e gerais. Posições relativas entre plano e retas. Interseções com retas e planos.\r\n03. Translação e rotação de eixos: No plano e no espaço. Simplificação de equações de segundo grau, por essas mudanças de coordenadas.\r\n04. Curvas no plano: Problemas de distâncias envolvendo pontos, retas e planos. A elipse. A hipérbole. A parábola. equação geral de uma cônica. Retas tangentes a curvas no plano.\r\n05. Superfícies:Esfera, elipsóide, parabolóide, hiperbolóide, cilíndro. Quádricas. Planos tangentes a superficies. Equações de curvas e superfícies. \r\n06. Outros sistemas de coordenadas. Coordenadas polares no plano. Coordenadas cilíndricas e esfericas no espaço. Equação polar de uma reta, elipse, circulo, parábola, hipérbola. ','A disciplina será desenvolvida mediante aulas expositivo-dialogadas quando apresentados os conteúdos curriculares teóricos, posteriormente serão desenvolvidos exercícios para a aplicação da teoria.\r\n','No decorrer do semestre serão feitas tres provas e a nota final sera a media destas tres notas. Segunda chamada e exame final serão feitos conforme disposto nas resoluções CEPE-37/97 e CEPE-54/09.','Aprender métodos algébricos para interpretar e resolver situações que envolvam retas, planos, curvas e superfícies.','Identificar as equações de cônicas e retas no plano e reconhecer as equações de superfícies e planos no espaço. Estudar analiticamente a relação entre pontos e rectas, entre retas e cônicas.\r\nEstudar analiticamente a relação entre pontos e rectas e planos, entre retas planos e superficies.','BOULOS, P. e CAMARGO, I. - Geometria Analítica: um tratamento vetorial. McGraw-Hill, SP.\r\n    STEIBRUCH, A. e WINTERLE, P. - Geometria Analítica, McGraw-Hill.','P. WINTERLE Vetores e Geometria Analítica, Makron, 2010\r\nANTON H., C. RORRES Álgebra Linear com Geometria Analítica',52,35,'2017-12-21 15:26:50','2018-05-17 17:51:12'),(35,2,'(1)Vetores no plano e no espaço -->Noções geométricas, notações e operações; vetores paralelos e unitários; ângulos entre vetores; definição algébrica e operações; produtos escalar, vetorial e misto; projeções.\r\n(2) Retas e planos no espaço --> Equações da reta; posições relativas entre retas; ângulos entre retas; equações do plano; posições relativas entre planos e retas; distâncias entre pontos, retas e planos.\r\n(3) Translações e rotações --> Transformações afins, lineares e rotações.\r\n(4) Curvas no plano --> Curvas paramétricas e cônicas.\r\n(5) Superfícies --> Superfícies de revolução, quádricas e cilíndricas.\r\n(6) Outros sistemas de coordenadas --> Coordenadas polares, cilíndricas e esféricas.','Aulas expositivas, trabalhos em grupo, trabalhos de pesquisa, estudos dirigidos e confecção de maquetes.','Duas avaliações formais com pontuação estabelecida pela entrega de trabalhos diários da disciplina até a data estipulada para cada uma delas. (Artigo 93 da RESOLUÇÃO Nº 37/97 -CEPE)','A disciplina tem como objetivo fornecer o conhecimento matemático necessário para a solução de problemas no plano e no espaço utilizando sistemas de coordenadas e vetores.','(01) Expressar corretamente as grandezas vetoriais e escalares;\r\n(02) Expressar corretamente as operações entre vetores;\r\n(03)Identificar as operações entre vetores com os respectivos significados geométricos, físicos e matemáticos;\r\n(04) Resolver problemas usando conceitos básicos sobre vetores; \r\n(05)Identificar e determinar as equações da reta e do plano\r\n(06)Resolver problemas usando as equações da reta e do plano;\r\n(07) Resolver problemas envolvendo translações e rotações\r\n(08)Identificar e determinar cônicas e curvas paramétricas.\r\n(09)Determinar cônicas, seus gráficos e elementos;\r\n(10) Determinar soperfícies de revolução, quadrícas e cilindricas.\r\n(11) Identificar sistemas de coordenadas polares, cilindricos e esféricos.\r\n(12) Transformar coodenadas entre os sistemas estudados.','BOULOS, P. e CAMARGO, I. Geometria Analítica: um tratamento vetorial. McGraw-Hill, SP.\r\nSTEINBRUCH, Alfredo e WINTERLE, Paulo. Geometria analítica. São Paulo: Mc Graw-Hill.\r\nVENTURI, Jacir J. Álgebra vetorial e geometria analítica. Curitiba: Editora da UFPR.\r\n','KLETENIK, D. Problemas de Geometria Analítica, Editorial Mir.\r\nSANTOS, Reginaldo J. Matrizes, Vetores e Geometria Analítica, Imprensa Universitária da UFMG. [on line]\r\nWINTERLE, Paulo. Vetores e Geometria Analítica. São Paulo: Makron Books, 2000.',17,36,'2017-12-21 15:27:09','2018-05-17 17:51:36'),(36,2,'1- Números Inteiros e o Princípio da Indução Matemática\r\n2- Divisibilidade e números primos\r\n3- Relações binárias e noções de lógica matemática\r\n4- Aritmética modular\r\n5- Os Teoremas de Fermat e Euler\r\n6- Aplicações à criptografia\r\n7- Noções de estruturas algébricas: anéis e grupos. \r\n8- Isomorfismos, exemplos e aplicações.','Duas aulas teóricas semanais, sendo que sempre após a realização de quatro aulas teóricas a próxima aula será utilizada para a realização de exercícios e fixação dos conteúdos.','Três provas escritas de pesos iguais e um exame final.','Levar o estudante a compreender como uma teoria algébrica está estruturada. Desenvolver competências em relação à Teoria dos Números Inteiros, tanto computacionais quanto teóricas, inclusive para a redação de demonstrações elementares. Estudar a aritmética modular e suas aplicações à criptografia. ','Preparar o estudante de Ciência da Computação para a disciplina de Matemática Discreta bem como para as demais disciplinas que utilizam os conceitos de Teoria dos Números','POLCINO, C. e COELHO, S. - Números: Uma Introdução à Matemática, EdUSP.\r\nDOMINGUES, H. e IEZZI, G. - Álgebra Moderna Ed. Atual.\r\nCOUTINHO, S. - Números Inteiros e Criptografia RSA. Ed. SBM.\r\nGONÇALVES, A. - Introdução à Álgebra. Projeto Euclides.','POLCINO, C. e COELHO, S. - Números: Uma Introdução à Matemática, EdUSP.\r\nDOMINGUES, H. e IEZZI, G. - Álgebra Moderna Ed. Atual.\r\nCOUTINHO, S. - Números Inteiros e Criptografia RSA. Ed. SBM.\r\nGONÇALVES, A. - Introdução à Álgebra. Projeto Euclides.',21,37,'2017-12-21 15:27:34','2018-05-17 17:51:46'),(37,2,'01) Curvas paraméticas: Limite, continuidade e diferenciabilidade de curvas. Comprimento de arco. Curvatura e torção.\r\n\r\n02) Funções de várias variáveis reais: Gráficos, curvas e superfícies de nível. Limite e continuidade.\r\n\r\n03) Diferenciabilidade: Derivadas parciais. Definição e condição suficiente para diferenciabilidade. Derivadas direcionais e vetor gradiente. Jacobiano. Regra da cadeia. Derivação implícita. Derivadas de ordem superior.\r\n\r\n04) Aplicações. Fórmula de Taylor. Máximos e mínimos. Método dos multiplicadores de Lagrange. Formas diferenciáveis.','A disciplina será desenvolvida mediante aulas expositivo-dialogadas quando serão apresentados os conteúdos curriculares por meio de aulas teóricas e por atividades de resolução de problemas previamente escolhidos. Serão utilizados os seguintes recursos: quadro de giz, e possivelmente notebook e projetor multimídia.','O aproveitamento será realizado através de três avaliações escritas P1, P2 e P3, e de seis testes. A média final do semestre M corresponderá a média simples, M = (P1+P2+P3+T) / 4, onde T é a média aritmética dos 4 melhores testes. Listas de Exercícios e/ou Trabalhos poderão se tornar parte  constituinte  das  notas  P1,  P2  e  P3.  O  aluno  que  obtiver  o aproveitamento  igual  ou  acima  de  70,0  pontos nas provas do  semestre  estará  aprovado  e  aqueles  que obtiverem  aproveitamento  inferior  a  40,0  pontos estarão  automaticamente  reprovados. Para  os  que ficarem  entre  40,0  e  70,0 pontos  há  ainda  a  possibilidade  de  aprovação  através  do  exame  final no casos previstos pelo regimento do CEPE. Neste caso a média simples entre a nota final do semestre e a da prova de Exame Final deve ser maior ou igual a 50,0 pontos para aprovação. O conteúdo das provas e do Exame Final é acumulativo durante o decorrer do curso.  As datas propostas das avaliações serão apresentadas no primeiro dia de aulas e serão divulgadas na página do curso https://docs.ufpr.br/~otero/.','Introduzir os conceitos do cálculo diferencial vetorial.','Entender o conceito de diferenciabilidade para o caso de curvas e funções reais de várias variáveis. Entender condições necessárias e suficientes para diferenciabilidade total de funções. Saber computar derivadas para funções de várias variáveis. Analisar o comportamento e computar o cálculo de máximos e mínimos para funções de várias variáveis.','J. STEWART, Cálculo, Vol. 2, 6a ed., Cengage Learning.\r\nH. L. GUIDORIZZI, Um curso de cálculo, Vol.2, Editora LTC.\r\nT. M. APOSTOL, Calculus, Vol. 1 e 2, John Wiley & Sons.','W. KAPLAN, D. J. LEWIS, Calculus and Linear Algebra, Vol. 2, The Scholarly Publishing Office.\r\nJ. MARSDEN, A. WEINSTEIN, Calculus III, Springer.',19,38,'2017-12-21 15:27:41','2018-05-17 17:52:02'),(38,2,'Topologia do R^n: Conjuntos abertos, fechados e limitados; Ponto de acumulação.\r\n\r\nFunções de uma variável real a valores em R^n: Operações, limites, continuidade, derivada, integral; Comprimento de curva.\r\n\r\nFunções de várias variáveis reais a valores reais:  Gráfico e curvas de nível de funções definidas em  R^2. Limite e continuidade de funções de várias variáveis.\r\n\r\nDiferenciabilidade: Derivadas parciais e condição suficiente para diferenciabilidade; Vetor gradiente e derivada direcional; Regra da cadeia; Teorema das funções implícitas; Derivadas parciais de ordem superior.\r\n\r\nAplicações: Teorema do valor médio; Fórmula de Taylor com Resto de Lagrange; Máximos e mínimos de funções de várias variáveis; Condições necessárias e uma condição suficiente para extremantes locais; O método dos Multiplicadores de Lagrange para extremantes locais com restrições de igualdade.','Serão ministradas aulas expositivas sobre os conteúdos, nas quais  os alunos serão também incentivados a resolver alguns exercícios propostos durante o desenvolvimento dos assuntos. Tais exercícios serão resolvidos no quadro, pela professora, logo após o intervalo de tempo estabelecido para os alunos. ','Serão realizadas três provas (P1, P2 e P3) discursivas e individuais durante o semestre. A média final será a média aritmética entre as três notas. \r\nAs datas para as avaliações são:\r\nP1: 22/03/2018,\r\nP2: 03/05/2018,\r\nP3: 14/06/2018,\r\nO Exame final  está agendado para o dia 05/07/2018.','Desenvolver habilidades de identificação, manipulação, cálculo e resolução em problemas que envolvam funções de R^m em R^n.','Identificar funções de R^n em R^m em geral e em casos específicos, onde  a intuição geométrica se faz presente;\r\nDeterminar domínios, imagens, derivadas, integrais das funções  de R em R^n; \r\nDeterminar domínios, imagens, derivadas das funções  de R^n em R; \r\nManipular com destreza as operações  com derivadas e integrais  das funções  de R em R^n;\r\nManipular com destreza as operações  com derivadasdas funções  de R^n em R;\r\nEntender os significados físicos e geométricos das   funções  de R^n em R^m, bem como o de suas derivadas e integrais;\r\nResolver problemas que envolvam funções  de R^n em R^m usando as ferramentas do Cálculo;','GUIDORIZZI, H.L. - Um curso de Cálculo, vol.2, LTC Editora, 5ª edição, 2001.\r\n    BORTOLOSSI, H.J. - Cálculo Diferencial a várias variáveis: uma introdução à teoria de Otimização. Edições Loyola, 2003.','LEITHOLD, L., O Cálculo com Geometria Analítica, V. 2, Harbra, RJ, 1994.\r\nSWOKOWSKI, E. , Cálculo com Geometria Analítica, V. 2, Makron, SP, 1994.\r\nSTEWART, J., Cálculo, V. 2, Cengage Learning, SP,  2016.\r\nTHOMAS, G. B.; WEIR, M. D.; HASS, J., Cálculo, V. 2, Pearson Education do Brasil, SP, 2012.\r\nGUIDORIZZI, H. L., Um Curso de Cálculo,  V. 2 e 3, LTC, RJ, 1986. ',50,39,'2017-12-21 15:27:52','2018-05-17 17:52:12'),(39,2,'Funcionais Lineares e espaço dual. Operador adjunto. Soma direta e projeções. Subespaços invariantes. Funções multilineares.  Auto espaços e auto espaços generalizados.  Polinômios minimais e característicos. Teorema da decomposição primária. Forma canônica de Jordan e racional. Teorema de Cayley-Hamilton. Espaços vetoriais com produto interno. Operadores normais e auto-adjuntos. Teorema espectral. Formas bilineares e formas quadráticas. ','Aulas com uso de quadro','3 provas de mesmo peso','O objetivo geral do curso é ampliar os conhecimentos do aluno na teoria de álgebra linear','Ao final do curso o aluno deve saber calcular as formas canônicas de operadores lineares em espaços vetoriais de dimensão finita, bem como identificar operadores semelhantes através de suas formas canônicas. Além disso de saber encontrar bases ortogonais de espaços vetoriais com respeitos à produtos internos e formas bilineares.','HOFFMAN, K. & KUNZE, R. - Álgebra Linear, Edusp, Polígono, São Paulo.\r\n    GELFAND, I.M. Lectures on Linear Algebra, Interscience, New York, 1961.\r\n    BOLDRINO et alii, Álgebra Linear','Axler, Sheldon, Linear Algebra Done Right, Springer, 2 ed - 1997.\r\n Kuttler, Kenneth, Linear Algebra, Theory And Applications, The Saylor Foundation, 2012. \r\nLima, Elon, Algebra Linear, IMPA, 1996.',48,40,'2017-12-21 15:28:05','2018-05-17 17:52:25'),(40,2,'Números complexos: operações, módulo, desigualdade triangular, fórmulas de De Moivre. Funções analíticas complexas. Equações de Cauchy Riemann. Integração Complexa. Fórmula integral de Cauchy. Teoremas de Liouville, de Morera e dos Resíduos. Séries de Taylor e de Laurent. Aplicações. Teoria do Potencial.','Exposição em aulas e fixação através de exercícios.','A avaliação será pode meio de 3 provas. A nota final será calculada pela média simples das 3 provas.','Estudo das funções de variáveis complexas e suas aplicações.','Número complexos. Funções analíticas. Teoria da integral. Séries de potências. Singularidades, Resíduos e aplicações.','MARCIO G. SOARES, Cálculo em uma Variável  Complexa, IMPA2014.\r\nCHURCHILL, R. V. - Variáveis Complexas e suas aplicações, Edusp, 1975.\r\nCONWAY, J. B. - Functions of one complex variable, 2nd ed., Springer, 1978.','Cecília S. Fernandez e Nilson C. Bernardes Jr., Introdução às Funções de uma Variável Complexa, SBM 2016.\r\nGeraldo Ávila, Funçoes de uma variável complexa, Livros Tecnicos e Cientificos, 1974. \r\n',26,41,'2017-12-21 15:28:13','2018-05-17 17:52:35'),(41,2,'B, parametrização e triedo de Frenet.\r\nSuperfícies regulares.\r\nFunções em superfícies.\r\nPlano tangente.\r\nOrientação de superfícies.\r\nAplicação normal de Gauss.\r\nEquações de Codazzi-Mainardi.\r\nTheorema Egregium.\r\nTransporte paralelo e Geodésicas.\r\nO Teorema de Gauss-Bonnet.','Haverão aulas teóricas, aulas de exercícios e listas para reforçar os conhecimentos adquiridos. ','A avaliação dos alunos se dará por meio de duas provas e listas de exercícios','Ensinar aos alunos as técnicas básicas em geometria diferencial local.','O curso tem como objetivo introduzir conceitos fundamentais em geometria diferencial clássica no âmbito de curvas e superfícies mergulhadas em espaços euclidianos. Os principais resultados apresentados serão o Teorema Egregium e o Teorema de Gauss-Bonnet. \r\n\r\nAo final do curso, é esperado do aluno os seguintes conhecimentos:\r\nRelação entre campos normais e orientação.\r\nEquações de compatibilidade.\r\nAplicações do Teorema de Gauss-Bonnet.','Wolfgang Kuhnel - Differential geometry: curves - surfaces - manifolds..\r\nCARMO, Manfredo P. - Geometria Diferencial.','VALLADARES, R. - Introdução à Geometria Diferencial.\r\nTENEMBLAT, Ketty, Introdução à Geometria Diferencial.',30,42,'2017-12-21 15:28:26','2018-05-17 17:52:52'),(42,2,'(1) Espaços métricos: Definição, exemplos, conjuntos abertos, fechado, continuidade, homeomorfismo. Espaços vetoriais normados. \r\n\r\n(2) Convergência e completude. Convergência de sequências, sequência de Cauchy. Espaços métricos completos. Completamento de espaços métricos. \r\n\r\n(3) Compacidade. Definição e exemplos. Teorema de Heine-Borel. Teorema de Weierstrass. \r\n\r\n(4) Conexidade. Definição e exemplos. Conexidade por caminhos. Espaços localmente conexos. Espaços localmente conexos por caminhos. Funções contínuas em espaços conexos. \r\n\r\n(5) Espaços Topológicos. Definição e exemplos. Topologia da ordem. Funções contínuas. Homeomorfismo. Topologia quociente e produto. \r\nEspaços de Haussdorf. Lema de Urysohn. \r\n\r\n(6) Tópicos adicionais. Teorema de ponto fixo de Banach.  ','Serão ministradas aulas expositivo-dialogadas.','Serão  avaliados mediantes três provas simples. A nota final é a média das três provas.  ','Apresentar aos alunos os conceitos básicos de topologia para a sua formação matemática.','Ao fim desta disciplina o estudante devera ser capaz de entender o conceito de topologia e de espaços métricos manipulando com fluência as noções básicas desta mesma, utilizando-as em diversos tipos de problema. ','j. MUNKRES- Topology, Prentice Hall, 1975.\r\nE.L.LIMA- Elementos de Topologia geral, IMPA-SBM, 1970.\r\nE.L.LIMA- Espaços métricos, IMPA-SBM, 1973.\r\nG.F. SIMMONS- Introduction to topology and modern analysis, MacGraw-Hill, 1963.','J. DUGUNDJI-Topology, Prentice Hall, 1965.\r\nL.STEEN, J.A.SEEBACH- Counterexamples in Topology, Dover Books, 1978.\r\nG. E. BREDON-Topology and Geometry, Springer, 1993.\r\n',31,43,'2017-12-21 15:28:36','2018-05-17 17:53:03'),(43,0,NULL,NULL,NULL,NULL,NULL,NULL,NULL,15,44,'2017-12-21 15:28:46','2017-12-21 15:28:46'),(44,0,NULL,NULL,NULL,NULL,NULL,NULL,NULL,59,45,'2017-12-21 15:29:20','2017-12-21 15:29:20'),(45,2,'1. Métodos de passo simples para o problema de valor inicial. Método de Euler. Método da série de Taylor. Métodos de Runge-Kutta.\r\n2. Controle de passo. Métodos de Runge-Kutta adaptativos.\r\n3.Métodos de passo multiplo para o problema de valor inicial. Método de Adams-Bashforth. Método de Adams-Moulton.\r\n4. Consistência, estabilidade e convergência. Análise de erro de métodos de passos simples e múltiplos. Sistemas rígidos de equações diferenciais ordinárias e A-estabilidade.\r\n5. Métodos para o problema de valor de contorno. Método de diferenças finitas.\r\n6. Métodos de aproximação em espaços de funções. Método de Galerkin. Método da Colocação.\r\n7. Interpolação polinomial por partes. Interpolação linear por partes. Funções splines cúbicas. Método da Colocação com B-Splines cúbicas.','Aulas teéricas expositivas; Listas de exercícios; Atividades em laboratório de informática com o pacote computacional Octave','Cinco minitestes com duração de trinta minutos. Cada miniteste vale 20 pontos, e a média final que contará na avaliação consiste na soma dos pontos acumulados nos minitestes. A segunda chamada e exame final serão feitos conforme disposto nas resoluções CEPE-37/97 e CEPE-54/09.','Habilitar os estudantes na solução numérica de equações diferenciais.','Ao fim desta disciplina o estudante deverá saber as técnicas mais comuns para aproximar problemas de valor inicial e de contorno unidimensionais, assim como suas limitações.','KINCAID, D., CHENEY E. W. - Numerical Analysis: Mathematics of Scientific Computing, 3nd ed., American Mathematical Society, 2009.\r\n    GOLUB, G., ORTEGA, J. - Scientific computing and differential equations, Academic Press, 1992.\r\n    BURDENS, R. L., FAIRES, J. D. - Análise Numérica, 8th ed., Cengage Learning, 2008.','ASCHER, U., PETZOLD, L. - Computer methods for ordinary differential equations and differential-algebraic equations, SIAM, 1998.\r\n\r\nCUNHA, M. C. C. - Métodos Numéricos, Editora da UNICAMP, 2000',56,46,'2017-12-21 15:29:35','2018-05-08 22:38:13'),(46,0,'Classificação de Equações de Segunda Ordem em Duas Variáveis\r\nIndependentes; Problemas de Condições de Contorno e Iniciais. O Método de Separação\r\nde Variáveis; Séries de Fourier; Convergência da Série de Fourier; Aplicação dos\r\nProblemas de Condução de Calor em uma Barra e da Corda Vibrante; Séries de Fourier\r\nDuplas; Problemas de Dirichlet num Retângulo; A Transformada de Fourier; O Espaço de\r\nSchwartz; Distribuições Temperadas.','','Lista de exercicios, seminarios,  2 provas.','Apresentação das Equações Diferenciais Parciais Clássicas.','Desenvolver a teoria elementar clássica de equações diferenciais parciais,\r\nanalisando com rigor algumas técnicas utilizadas no estudo de propriedades de\r\nsoluções de equações lineares ou semilineares de segunda ordem.','    1-FIGUEIREDO, D. G. - Análise de Fourier e Equalçoes Diferenciais Parciais, Projeto Euclides, IMPA, 1977.\r\n    2-Valéria Iório - EDP um curso de graduação, IMPA, RJ, 2010.\r\n    3-Equacoes Diferenciais Parciais 1 - Notas de Paulo Cupertino de Lima- UFMG','1. JOHN, F. Partial Differential Equations. Springer Verlag, New York, 1978.\r\n2. HELLWING, G. Partial Differential Equations. Blaisdell Publishing Company, 1964',55,47,'2017-12-21 15:29:47','2018-03-10 22:41:01'),(47,0,NULL,NULL,NULL,NULL,NULL,NULL,NULL,59,48,'2017-12-21 15:30:00','2017-12-21 15:30:00'),(48,2,'Conceitos preliminares: O problema de programação não linear, definições, Teoremas conhecidos, convergência de sequências e ordem de convergência, convexidade.\r\n\r\nOtimização Irrestrita: Condições de otimalidade, algoritmos de descida, convergência global, busca unidirecional, método do gradiente, método de Newton, métodos quase-Newton.\r\n\r\nOtimização com restrições simples: Restrições de caixa, condições de otimalidade, método do gradiente projetado, método de pontos interiores; restrições lineares de igualdade, condições de otimalidade, método de projeção no espaço nulo; programação quadrática.\r\n\r\nOtimização com restrições gerais: Condições KKT, método de penalidade e Lagrangiano Aumentado, programação quadrática sequencia, funções de mérito, filtros.','A disciplina será ministrada mediante aula expositivo-dialogadas.','Serão feitas duas provas escritas e um projeto incluindo apresentação oral, relatório escrito e implementação computacional.','Introduzir conceitos básicos de otimização não linear, incluindo teoria e algoritmos de otimização restrita e irrestrita.','O aluno deve ser capaz de analisar problemas de otimização não linear, julgar quais algoritmos utilizar, e conhecer os passos básicos para implementar tais algoritmos.','RIBEIRO, A. A. e KARAS, E. W. - Um curso de otimização.\r\nFRIEDLANDER, A. - Elementos de programação não-linear, Editora da Unicamp, 1994.\r\nLUENBERGER, D. G. - Linear and nonlinear programming, Addison-Wesley, 1989.\r\nIZMAILOV, A. SOLODOV, M. - Otimização, vol.1 2009 e vol.2 2007, IMPA.','Numerical Optimization, Jorge Nocedal, Stephen J. Wright, 2a edição, Springer, 2006.\r\nNonlinear Programming, Dimitri P. Bertsekas. 2a edição, Cambridge, MA: Athena Scientific, 1999\r\nNonlinear programming. Theory and algorithms, Mokhtar S. Bazaraa e M. C. Shetty, John Wiley & Sons, 1979',5,49,'2017-12-21 15:30:06','2018-05-17 17:53:12'),(49,2,'Integral de Riemann: teorema fundamental do cálculo, mudança de variáveis. Teoremas do valor médio para integrais. Integrais impróprias. Seqüências e séries de funções. Funções analíticas reais. Teorema da aproximação de Weierstrass. Teorema de Arzelà-Ascoli.','Serão ministradas aulas expositivas, com ou sem uso de multimídia, apresentação de seminários e outros.','Serão realizadas 3 avaliações durante o semestre. Segunda chamada e exame final serão feitos conforme disposto nas\r\nresoluções CEPE-37/97 e CEPE-54/09.','Apresentar ao estudante os conceitos clássicos de integração de Riemann e, na sequência, apresentar fatos relevantes sobre espaços funcionais.','Possibilitar ao estudante um aprofundamento dos conceitos estudados, visando melhorar sua formação básica e prepará-lo de forma adequada para estudos mais aprofundados em Análise.','T.APOSTOL - Mathematical Analysis. Addison Wesley Pub, Co. 1974.\r\nE.L.LIMA - Curso de Análise, vol.1. Projeto Euclides, IMPA.\r\nW.RUDIN - Principles of Mathematical Analysis. 3a. Ed. McGraw-Hill, 1976.','',34,50,'2017-12-21 15:30:20','2018-05-17 17:53:22'),(50,2,'Números reais (equações e inequações), funções elementares, lineares, afins, quadráticas, polinomiais, exponenciais, logarítmicas e trigonométricas, funções racionais, gráfico de funções, noções de limites de sequência, séries e funções,.','Aulas expositivas; resolução de exercícios com ênfase aos raciocínios matemáticos e lógico-dedutivos utilizados e correspondentes  técnicas de resolução; utilização de mídias e laboratório, grupos de estudo, resolução de exercícios dentro e fora de sala de aula, análise e discussões de conceitos e aplicações, auxílio de monitoria; utilização de recursos motivacionais de ensino de matemática, dentre outros.','4 Avaliações com datas marcadas e divulgado em edital. Aplicação de prova escrita - resolução de exercícios e problemas do dia-a-dia. Serão consideradas para o cálculo da média as três maiores notas.','Desenvolver a matemática básica dos números reais (equações e inequações) e funções reais para a disciplina de Funções (também parte do Processo Seletivo Estendido - 3a. fase do vestibular) com ênfase ao desenvolvimento do raciocínio lógico dedutivo, resolução de problemas e suas técnicas de resolução.','Revisar e reforçar conteúdos básicos da matemática básica e do cálculo (pré-cálculo de números reais e funções reais); introduzir as  noções limites de sequencias, séries e funções; resolver e analisar exercícios dentro e fora do laboratório, utilizar ferramentas tecnológicas (computador, internet) no auxílio do aprendizado de matemática básica; motivar noções intuitivas e conceituais de números e funções; desenvolver o raciocínio lógico e apresentar as técnicas de demonstração e de resolução de exercícios; resolução de problemas do cotidiano através dos  conteúdos e técnicas desenvolvidos.','GUIDORIZZI, H. L.   Um Curso de Cálculo, Volume 1.   LTC Editora, 3a. edição;\r\nLIMA, E. L.   A Matemática do Ensino Médio, Volume 1.  SBM/IMPA, 3a. edição;\r\nFLEMMING, D. M. & GONÇALVES, M. B.   Cálculo A.   Pearson-Prentice Hall, 6a. edição.\r\n','GUIDORIZZI, H. L.   Um Curso de Cálculo, Volume 1.  LTC Editora, 3a. edição;\r\nLIMA, E. L.   A Matemática do Ensino Médio, Volume 1.   SBM/IMPA, 3a. edição.\r\nFLEMMING, D. M. & GONÇALVES, M. B.   Cálculo A.   Pearson-Prentice Hall, 6a. edição.',35,51,'2017-12-21 15:30:34','2018-05-17 17:53:33'),(51,2,'Vetores: Conceito. Operações com vetores. Produto escalar. Produto vetorial e produto misto. Aplicações.\r\nRetas e planos no espaço: Equações do plano e da reta. Posição relativas. Ângulos. Interseções. Posições relativas entre planos e retas.\r\nCônicas: A elipse. A hipérbole. A parábola. Translação e Rotação.\r\nSuperfícies: esférica, cilíndrica, cônica, quádricas. Outros sistemas de coordenadas.','Aulas expositivas e interativas com participação dos alunos. Uso de material multimídia e de software computacional para visualização de alguns conceitos dos geometria analítica. Aulas de exercícios. Exercícios complementares. Atividades de avaliação.','4 avaliações escritas.','- Promover o desenvolvimento no aluno de autonomia no estudo, na interpretação, compreensão, discussão e solução de problemas;\r\n- Cooperar no estudo em grupo e na concentração, confiança no estudo individual e na capacidade de pesquisa;\r\n- Identificar a importância da disciplina de Geometria Analítica dentro do curso de Matemática Industrial;\r\n- Aprender  conceitos fundamentais, dos métodos decorrentes destes e de suas aplicações.','- Compreender fundamentos, aplicações e procedimentos da Geometria Analítica;\r\n- Identificar e abordar situações passíveis de serem tratadas pela Geometria Analítica;\r\n- Dominar os conceitos e procedimentos básicos da Geometria Analítica, sabendo exemplificar, no caso de conceitos e justificar, no caso de procedimentos;\r\nsaber demonstrar e utilizar propriedades;\r\n- Representar retas e planos na forma algébrica, identificar relações entre figuras geométricas por meio de sua representação algébrica, interpretar geometricamente problemas da Álgebra.\r\n- Identificar e diferenciar as curvas cônicas e seus elementos.\r\n- Identificar e diferenciar superfícies cônicas, quádricas e cilíndricas.','\r\n BOULOS, P. CAMARGO, I. - Geometria Analítica: um tratamento vetorial, McGraw-Hill, SP.\r\n    LAGES LIMA, E. - Coordenadas no Plano, 2ª edição, Coleção do Professor de Matemática.\r\n    LAGES LIMA, E. - Coordenadas no Espaço, Coleção do Professor de Matemática.\r\n    LAGES LIMA, E. - A matemática no Ensino Médio, vol. 3, Coleção do Professor de Matemática.\r\nREIS G.L. e Silva. Geometria Analítica. LTC.\r\nSANTOS,  R. J. Matrizes, vetores e Geometria Analítica. UFMG. \r\n    STEINBRUCH, A., WiNFERLE, P. - Geometria Analítica, McGraw-Hill\r\n    WINTERLE, P. - Vetores e Geometria Analítica, Makron Books, 2000.','SANTOS,  R. J. Matrizes, vetores e Geometria Analítica. UFMG. ',25,52,'2017-12-21 15:30:49','2018-05-17 17:53:48'),(52,0,'Equacoes Diferenciais de primeira ordem, equacoes diferenciais de segunda ordem, equacoes diferenciais de ordem superior, sistema de equacoes diferenciais,  resolucao de equacoes diferenciais por series.','','Listas de exercicios, 3 provas e prova final.','Fornecer ferramentas aos alunos para que possam  aprender e aplicar metodos de resolucao de  equacoes diferenciais ordinarias.',' Desenvolver conceitos de equação diferencial ordinária, sistemas diferenciais\r\nordinários e problemas diferenciais, como problema de condições iniciais, o de\r\ncondições de contorno, o de autovalores e autofunções;\r\n- Introduzir os resultados principais da teoria de existência e unicidade das soluções\r\ndos problemas diferenciais com um estudo mais profundo no caso de equações e\r\nsistemas lineares;\r\n- Estudar métodos de resolução de equações diferenciais de primeira ordem de tipos\r\ndiferentes;\r\n- Estudar métodos de resolução de equações diferenciais de ordem superior;\r\n- Estudar métodos de resolução de sistemas de equações diferenciais no caso linear\r\ncom coeficientes constantes;\r\n- Descrever modelos de aplicações (físicas e geométricas) resolvidos por construção\r\ndos problemas diferenciais adequados e sua posterior resolução. ','W.E.BOYCE, ET AL - Equações diferenciais elementares e problemas de valores de contorno. Ed.LTC, 2001.\r\n    E.KREYSZIG - Advanced Engineering Mathematics, Ed. John Wiley & Sons, 1999.\r\n    D.G.FIGUEIREDO, ET AL. - Equações Diferenciais Aplicadas. Ed. IMPA, 1997.\r\n    C.M.BENDER, ET AL. - Advanced Mathematical Methods for Scientists and Engineers. Ed. McGraw-Hill, 1978.','',55,53,'2017-12-21 15:31:01','2018-03-10 22:45:10'),(53,0,NULL,NULL,NULL,NULL,NULL,NULL,NULL,33,54,'2017-12-21 15:31:14','2017-12-21 15:31:14'),(54,2,'Números Naturais. Construção do conjunto dos números naturais a partir dos axiomas de Peano. Método da indução matemática. Definição da adição e multiplicação de naturais e suas principais propriedades. Princípio da boa ordenação. Algoritmo de Euclides. Conjuntos finitos e infinitos.\r\n\r\nNúmeros Racionais. Operações com números racionais. Representação decimal e suas principais propriedades. O corpo ordenado dos números racionais.\r\n\r\nNúmeros Reais: ideias básicas da construção do conjunto dos números reais a partir dos cortes de Dedekind. O corpo ordenado dos números reais. Todo corpo ordenado contém uma cópia dos conjuntos dos números naturais, inteiros e racionais. Intervalos e valor absoluto em corpos ordenados. Supremo e ínfimo de subconjuntos limitados superiormente e inferiormente. Corpo ordenado completo.\r\n\r\nEnumerabilidade: Definições e principais propriedades dos conjuntos infinitos enumeráveis. Enumerabilidade do conjunto dos números racionais e não enumerabilidade do conjunto dos números reais. Cardinalidade. \r\n\r\nSequências de números reais. Limite de sequências. Propriedades aritméticas dos limites. Permanência do sinal. Sequências monótonas. Subsequências. Sequências de Cauchy. Método das aproximações sucessivas. Aproximações da raiz quadrada. Limites infinitos. \r\n\r\nSéries numéricas. Séries convergentes e absolutamente convergentes. Critério de Cauchy para convergência de séries. Séries harmônicas e geométricas. Série p. teste da comparação. Testes de convergência (da raiz, da razão, de Leibniz e da integral). Comutatividade. Expansão decimal dos números reais. (todo número real pode ser representado, de maneira única, por uma expansão decimal infinita).\r\n','A maioria das aulas teóricas serão expositivas e fundamentadas em textos da bibliografia básica. O diálogo com os alunos ocorrerá principalmente nos questionamentos sobre verdades matemáticas e na resolução de exercícios.','Serão feitas três avaliações parciais e a nota final será a média aritmética dessas avaliações. Cada uma das avaliações parciais poderá sofrer um acréscimo baseado em em trabalhos e entrega de listas de exercícios propostos pelo professor. Os critérios para aprovação seguirão as regras da resolução 37/97.','Questionar a validade de afirmações da matemática elementar, cuja compreensão depende de uma fundamentação teórica, apresentar algumas das ferramentas desenvolvidas para fundamentar tais fatos, e mostrar como essas ferramentas foram exploradas para desenvolver novas teorias matemáticas.','• Apresentar aos estudantes a construção dos conjuntos numéricos de forma axiomática;\r\n• Caracterizar os números racionais e suas representações (fracionária, decimal finita e infinita) e identificar números irracionais e operações com tais números.\r\n• Discutir a enumerabilidade dos racionais e o fato da quantidade de números irracionais ser de uma infinidade superior.\r\n• Formalizar as definições de convergência de sequências e de séries.\r\n• Discutir métodos como das aproximações sucessivas para obter aproximações eficientes de raízes quadradas e de outros irracionais.\r\n• Tomar contato com as principais teorias que fundamentaram o Cálculo .\r\n• Estudar as principais propriedades de ferramentas como sequências e séries, que permitem entender melhor a matemática elementar e abrem as portas para o desenvolvimento de novas teorias matemáticas.','1. Fundamentos da Aritmética. Hygino Domingues; Editora UFSC, 2009\r\n2. Análise Matemática para Licenciatura. Geraldo Ávila, Ed. Edgard Blücher. 2012\r\n3. Análise Real, vol.1, Elon Lajes Lima, Impa/SBM, 1992\r\n4. Introdução à Análise Matemática. Geraldo Ávila. Editora Edgard Blucher, 1999.\r\n5. Análise I. Djairo G. Figueredo. Editora LTC, 1996','1. W. Rudin, Princípios de Análise Matemática, UnB e Ao Livro Técnico, Rio de Janeiro, 1971.\r\n2. I. Niven, Números: racionais e irracionais, SBM, 1984.\r\n3. B. J. Caraça, Conceitos Fundamentais da Matemática Gradiva Ltda., 4a. edição, 2002.\r\n4. R. G. Bartle, Elementos de Análise Real, Ed. Campus, 1983. \r\n5. H. Eves. Introdução à História da Matemática. UNICAMP, 2002.',12,55,'2017-12-21 15:31:22','2018-05-17 17:57:19'),(55,2,'Anel dos inteiros: axiomas de soma e produto (anéis comutativos), axiomas de ordem dos inteiros, princípio de indução matemática, números binomiais. Divisibilidade no anel dos inteiros: divisibilidade, mdc e mmc, algoritmo da divisão, bases numéricas, números primos, teorema fundamental da aritmética, primos de Mersenne e primos de Fermat. Congruências: equações diofantinas lineares com 2 variáveis, congruências, teoremas de Fermat e Euler, teorema de Wilson, teorema chinês dos restos. Expansão decimal de racionais: representação decimal de uma fração, comprimento de dízimas periódicas e o Teorema de Euler. Inteiros módulo n: estrutura de anel, Z_n é corpo se e somente se n é primo. Aplicações: criptografia RSA, ternas pitagóricas.','aulas expositivas (no minimo 3/4 do total) , aulas de resolução de exercícios em grupo (até 1/4 do total).','Serão feitas 3 avaliações escritas P1, P2, P3, e também será solicitada a entrega de exercícios selecionados das listas. A média será calculada da seguinte forma: sendo MP a média aritmética das 3 provas e L a nota atribuída aos exercícios entregues, a média  (pré-exame) será calculada pela fórmula M = (9*MP + L)/10. ','Estudar conceitos e resultados elementares e fundamentais em números inteiros do ponto de vista do ensino superior. ','O estudante deverá dominar as técnicas de congruências para resolver problemas concretos e abstratos de aritmética. Espera-se também que o estudante domine os conceitos e resultados essenciais de divisibilidade em Z, sabendo utilizar resultados como o algoritmo de divisão e o teorema fundamental da aritmética para resolver problemas abstratos de teoria de números. \r\n','MILIES, C. P. -  Números: Uma introdução à Matemática. EDUSP. \r\nMARTINEZ, F. E. B., MOREIRA, C.G.T.A., SALDANHA, N. C. , TENGAN, E. - Teoria dos Números: um passeio com primos e outros números familiares pelo mundo inteiro. IMPA, 3a edição.\r\nSANTOS, J.P.O. - Introdução à Teoria dos Números, IMPA. ','\r\nHEFEZ, A. - Elementos de Aritmética. Editora da Sociedade Brasileira de Matemática.\r\nDOMINGUES, H. H. - Fundamentos de Aritmética. Editora Atual.',47,56,'2017-12-21 15:31:37','2018-05-17 17:57:26'),(56,2,'\r\nAnel dos inteiros: axiomas de soma e produto (anéis comutativos), axiomas de ordem dos inteiros, princípio de indução matemática, números binomiais. Divisibilidade no anel dos inteiros: divisibilidade, mdc e mmc, algoritmo da divisão, bases numéricas, números primos, teorema fundamental da aritmética, primos de Mersenne e primos de Fermat. Congruências: equações diofantinas lineares com 2 variáveis, congruências, teoremas de Fermat e Euler, teorema de Wilson, teorema chinês dos restos. Expansão decimal de racionais: representação decimal de uma fração, comprimento de dízimas periódicas e o Teorema de Euler. Inteiros módulo n: estrutura de anel, Z_n é corpo se e somente se n é primo. Aplicações: criptografia RSA, ternas pitagóricas.','aulas expositivas (no minimo 3/4 do total) , aulas de resolução de exercícios em grupo (até 1/4 do total).','\r\nSerão feitas 3 avaliações escritas P1, P2, P3, e também será solicitada a entrega de exercícios selecionados das listas. A média será calculada da seguinte forma: sendo MP a média aritmética das 3 provas e L a nota atribuída aos exercícios entregues, a média  (pré-exame) será calculada pela fórmula M = (9*MP + L)/10. ','Estudar conceitos e resultados elementares e fundamentais em números inteiros do ponto de vista do ensino superior.\r\n','O estudante deverá dominar as técnicas de congruências para resolver problemas concretos e abstratos de aritmética. Espera-se também que o estudante domine os conceitos e resultados essenciais de divisibilidade em Z, sabendo utilizar resultados como o algoritmo de divisão e o teorema fundamental da aritmética para resolver problemas abstratos de teoria de números. ','MILIES, C. P. -  Números: Uma introdução à Matemática. EDUSP. \r\nMARTINEZ, F. E. B., MOREIRA, C.G.T.A., SALDANHA, N. C. , TENGAN, E. - Teoria dos Números: um passeio com primos e outros números familiares pelo mundo inteiro. IMPA, 3a edição.\r\nSANTOS, J.P.O. - Introdução à Teoria dos Números, IMPA. ','HEFEZ, A. - Elementos de Aritmética. Editora da Sociedade Brasileira de Matemática.\r\nDOMINGUES, H. H. - Fundamentos de Aritmética. Editora Atual.',47,57,'2017-12-21 15:31:48','2018-05-17 17:57:34'),(57,0,'Grupos, subgrupos: grupos cíclicos,  subgrupo gerado. Grupo de Simetria. Homomorfismo: Isomorfismo, Teorema de Lagrange. Grupo Quociente: Classes, Teorema do Isomorfismo, Teorema de Cayley, Subgrupos Normais, Grupo Solúvel, Grupo Derivado. Teorema do Elemento Primitivo. Corpos Finitos, Teorema do Elemento Primitivo para Corpos Finitos. Extensões Normais, Extensões Separáveis. Corpo de Decomposição, Fêcho Normal. Grupo de Galois: Correspondência de Galois. Extensões Galoisianas de Grau finita.  Teorema de Artin. Resolução de Equações por Radicais. ','A disciplina será desenvolvida mediante aulas expositivo-dialogadas,\r\nquando serão apresentados os conteúdos teóricos contextualizados com diversos problemas.\r\nSerá proposto uma lista de exercícios. Essa lista deverá ser resolvida pelos estudantes. Cada\r\nestudante ficará responsável em resolver e expor uma parte desta lista. Para que toda a lista seja\r\nresolvida antes de cada avaliação, cada aluno fica também responsável em procurar o professor\r\npara combinar qual parte da lista irá se encarregar de resolver. Serão utilizados os seguintes\r\nrecursos: quadro e giz.','Teremos duas avaliações p_1 e p_2 e o Exame Final no dia 03.07. A média das avaliações será (p_1 + p_2)/2. ','Ao final do curso, o aluno deverá ter assimilado um conjunto de informações que o capacitem a entender e trabalhar com os conceitos básicos da teoria de grupos e da teoria de galois.','Além dos conceitos básicos, o aluno deverá compreender as principais aplicações da teoria, como por exemplo a resolução de equações por radicais. ','Adilson Gonçalves - Introdução à Álgebra. Projeto Euclides, RJ, IMPA, 1979.\r\n    Arnaldo Garcia e Yves Lequain - Álgebra: um curso de introdução. Projeto Euclides, RJ, IMPA, 1988.\r\n    John Fraleigh - A First Course in Abstract Agebra, USA: Addison-Wesley Pub. Comp., 1994.\r\nGrupos, Corpos e Teoria de Galois. Autor: Paulo A. Martin.','',20,58,'2017-12-21 15:31:58','2018-03-09 18:20:31'),(58,0,'Grupos, subgrupos: grupos cíclicos,  subgrupo gerado. Grupo de Simetria. Homomorfismo: Isomorfismo, Teorema de Lagrange. Grupo Quociente: Classes, Teorema do Isomorfismo, Teorema de Cayley, Subgrupos Normais, Grupo Solúvel, Grupo Derivado. Teorema do Elemento Primitivo. Corpos Finitos, Teorema do Elemento Primitivo para Corpos Finitos. Extensões Normais, Extensões Separáveis. Corpo de Decomposição, Fêcho Normal. Grupo de Galois: Correspondência de Galois. Extensões Galoisianas de Grau finita.  Teorema de Artin. Resolução de Equações por Radicais. ','A disciplina será desenvolvida mediante aulas expositivo-dialogadas,\r\nquando serão apresentados os conteúdos teóricos contextualizados com diversos problemas.\r\nSerá proposto uma lista de exercícios. Essa lista deverá ser resolvida pelos estudantes. Cada\r\nestudante ficará responsável em resolver e expor uma parte desta lista. Para que toda a lista seja\r\nresolvida antes de cada avaliação, cada aluno fica também responsável em procurar o professor\r\npara combinar qual parte da lista irá se encarregar de resolver. Serão utilizados os seguintes\r\nrecursos: quadro e giz.','Teremos duas avaliações p_1 e p_2 e o Exame Final no dia 03.07. A média das avaliações será (p_1 + p_2)/2. ','Ao final do curso, o aluno deverá ter assimilado um conjunto de informações que o capacitem a entender e trabalhar com os conceitos básicos da teoria de grupos e da teoria de galois.','Além dos conceitos básicos, o aluno deverá compreender as principais aplicações da teoria, como por exemplo a resolução de equações por radicais. ','Adilson Gonçalves - Introdução à Álgebra. Projeto Euclides, RJ, IMPA, 1979.\r\n    Arnaldo Garcia e Yves Lequain - Álgebra: um curso de introdução. Projeto Euclides, RJ, IMPA, 1988.\r\n    John Fraleigh - A First Course in Abstract Agebra, USA: Addison-Wesley Pub. Comp., 1994.\r\nGrupos, Corpos e Teoria de Galois. Autor: Paulo A. Martin.','',20,59,'2017-12-21 15:32:04','2018-03-09 18:25:49'),(59,2,'01. CONTEÚDOS DO ENSINO MÉDIO E SUA RELAÇÃO COM A MATEMÁTICA DO ENSINO SUPERIOR. \r\nDistribuição do conteúdo matemático de acordo com os documentos oficiais para o ensino médio. Estudo de alguns conteúdos matemáticos do ensino médio e sua relação com o ensino superior. \r\n02. PENSAMENTO ALGÉBRICO, GEOMÉTRICO, ANALÍTICO E PROBABILÍSTICO EM SITUAÇÃO DE ENSINO. \r\nDiversas formas de entender o pensamento matemático e suas apresentações no ensino médio. \r\n03. PLANEJAMENTO E SIMULAÇÃO DE AULAS\r\nSequência didática. Planejamento e execução de sequência didática\r\n\r\n','Cada aluno escolherá um tema matemático do ensino médio para “explorar”. \r\nA exploração deverá resultar numa sequência de ensino (a ser apresentada) e num artigo científico. 	\r\nA cada encontro, nós reservaremos uma parte para conversarmos sobre o processo de elaboração da sua sequência de ensino e do seu artigo científico. \r\nNa outra parte do encontro, nós faremos discussões a respeito de alguns textos que poderão nortear os nossos estudos. \r\nO produto final, para além do que foi mencionado nos instrumentos de avaliação, poderá ser um material curricular (um livro) para que possamos disponibilizar online (e-book). \r\n','Participação nas discussões e frequência às aulas.\r\nResenha crítica dos textos sugeridos para leitura durante as aulas.\r\nEnvolvimento com a proposta do curso.\r\nProdução e apresentação de uma sequência de ensino.\r\nProdução e apresentação de um artigo científico associado à sequência de ensino desenvolvida. \r\n','Contribuir para a formação inicial do aluno de Licenciatura em Matemática sobre as dimensões (variáveis) envolvidas no cotidiano escolar e nas aulas de Matemática do Ensino Médio. ','Elaborar uma sequência de ensino respeitando as distintas dimensões (variáveis) envolvidas na organização curricular da Matemática escolar do Ensino Médio, bem como incentivar a pesquisa, a reflexão e revisitação da prática docente. ','Almouloud, Saddo Ag. - Fundamentos da didática da matemática, Curitiba, Editora UFPR.\r\n    BRASIL, Parametro curricular nacional ensino médio, Parte III Ciencias da Naturea e Matemática e suas tecnologias, 2000. Disponível em: http://portal.mec.gov.br/seb/arquivos/pdf/ciencian.pdf\r\n    COXFORD, A., SHULTE, A. - As idéias da álgebra. Traduzido por Hygino H. Domingues. SP, Atual, 1995.\r\n    FIORENTINI, Dario. MIORIM, Maria Ângela. MIGUEL, Antonio - Contribuição para um Repensar... a Educação Algébrica Elementar. Pro-Posições, v. 4, nº 1[10], p. 78-91, 1993.','',22,60,'2017-12-21 15:32:16','2018-05-17 18:17:12'),(60,0,NULL,NULL,NULL,NULL,NULL,NULL,NULL,24,61,'2017-12-21 15:32:27','2017-12-21 15:32:27'),(61,0,NULL,NULL,NULL,NULL,NULL,NULL,NULL,17,62,'2017-12-21 15:32:44','2017-12-21 15:32:44'),(62,0,'01. FUNÇÕES: Conjuntos. Operações com números reais. Funções. Limite e continuidade.\r\n\r\n02. DERIVADAS: Derivadas de primeira ordem. Diferencial. Derivadas de ordem superior. Teoremas fundamentais sobre derivadas. Regra da cadeia. Fórmula de Taylor.\r\n\r\n03. APLICAÇÕES DO CÁLCULO DIFERENCIAL: Regra de L’Hopital. Máximos e mínimos. Concavidade de curvas planas. Aplicações das derivadas. Estudo da variação de uma função. Funções hiperbólicas.\r\n\r\n04. INTEGRAIS: Integral definida. Soma de Riemann. Teorema fundamental do cálculo. Integral indefinida. Métodos de integração. Mudança de variáveis. Integração por partes. Decomposição em frações parciais. Aplicações da integral definida. Integração de funções transcendentes. Integral imprópria.','A disciplina será desenvolvida mediante aulas expositivo-dialogadas quando serão apresentados os conteúdos curriculares por meio de aulas teóricas e por atividades de resolução de problemas previamente escolhidos. Serão utilizados os seguintes recursos: quadro de giz, e possivelmente notebook e projetor multimídia.','O aproveitamento será realizado através de três avaliações escritas P1, P2 e P3, e a média final do semestre  MF  corresponderá  a  média  simples,  MF  =  (P1+P2+P3)  / 3.  Listas  de Exercícios  e/ou Trabalhos poderão  se  tornar  parte  constituinte  das  notas  P1,  P2  e  P3.  O  aluno  que  obtiver  o aproveitamento  igual  ou  acima  de  70,0  pontos nas provas do  semestre  estará  aprovado  e  aqueles  que obtiverem  aproveitamento  inferior  a  40,0  pontos estarão  automaticamente  reprovados. Para  os  que ficarem  entre  40,0  e  70,0 pontos  há  ainda  a  possibilidade  de  aprovação  através  do  exame  final no casos previstos pelo regimento do CEPE. Neste caso a média simples entre a nota final do semestre e da prova de Exame Final deve ser maior ou igual a 50,0 pontos para aprovação. O conteúdo das provas e do Exame Final é acumulativo durante o decorrer do curso.  As datas propostas das avaliações serão apresentadas no primeiro dia de aulas e serão divulgadas na página do curso https://docs.ufpr.br/~otero/.','Introduzir os conceitos e ferramentas básicas do cálculo diferencial e integral.','Entender os conceitos de limite, continuidade e diferenciabilidade de funções reais. Saber computar limites e derivadas. Analisar o comportamento de funções usando ferramentas do cálculo diferencial. Entender o conceito de integração de funções reais. Entender o conceito do teorema fundamental do cálculo. Saber computar integrais definidas usando o teorema fundamental do cálculo e técnicas de integração. Saber utilizar o cálculo diferencial e integral em algumas aplicações.','- J. STEWART, Cálculo, Vol. 1, 6a ed., Cengage Learning.\r\n- H. L. GUIDORIZZI, Um curso de cálculo, Vol.1, Editora LTC.\r\n- E. W. SWOKOWSKI, Cálculo com geometria analítica, Vol. 1, Makron Books.','- L. LEITHOLD, O cálculo com geometria analítica, Editora Harbra.\r\n- W. KAPLAN, D. J. LEWIS, Calculus and Linear Algebra, Vol. 1, The Scholarly Publishing Office.\r\n- M. SPIVAK, Calculus, Publish or Perish.',19,63,'2017-12-21 15:32:52','2018-02-19 12:32:37'),(63,0,NULL,NULL,NULL,NULL,NULL,NULL,NULL,40,64,'2017-12-21 15:33:04','2017-12-21 15:33:04'),(64,2,'1. Funções: Funções e seus gráficos. Limite e continuidade. Toerema do valor intermediário. Limites infinitos e assíntotas de gráficos. \r\n2. Derivadas: O conceito de derivada. Tangente a uma curva e taxa de variação. Regras de derivação. O teorema do valor médio. Derivadas de ordem superior.\r\n3. Aplicações do cálculo diferencial: Máximos e mínimos. Concavidade e esboço de gráficos. Regra de L\'Hospital.\r\n4.Integrais: Integral definida. Teorema fundamental do cálculo. Regras de integração.\r\n5. Séries: Notação sigma e limites de somas finitas. ','Serão ministradas aulas expositivo-dialogadas, com ou sem uso de multimídia, apresentação de seminários e outros.','No decorrer do semestre serão realizadas provas escritas. Provas de segunda chamada e o exame final serão realizados conforme o disposto nas resoluções  CEPE-37/97 e CEPE-54/09.','Prover os estudantes do conhecimento básico das técnicas de cálculo de uma variável real.','Ao fim desta disciplina o estudante deverá ser capaz de manipular com fluência as funções reais de uma variável real, utilizando-as em diversos tipos de problema. Além disso, deverá apresentar a habilidade de calcular limites, derivadas e integrais dessas funções. Deverá também extrair das informações disponíveis as propriedades que forem importantes para resolver os problemas em questão.','STEWART, J. Cálculo, Vol. 1, 7a ed., Cengage Learning, São Paulo, 2013.\r\nGUIDORIZZI, H. L. - Um Curso de Cálculo, vol. 1, LTC, 2001.\r\nHUGHES-HALLET, D. et al. Cálculo de uma variável, 3a. ed., LTC, Rio de Janeiro, 2004.','FLEMMING, D.; GONÇALVES, M. Cálculo A: funções, limite, derivação, noções de integração, 2a. ed. UFSC, Florianópolis, 1988.\r\nTHOMAS, G. ; WIER, M. ; HASS, J. Cálculo, Vol. 1, 12a ed., Pearson, São Paulo, 2012.',6,65,'2017-12-21 15:33:17','2018-05-09 19:00:30'),(65,2,'- Funções: Continuidade: definição; Teorema do anulamento; Teorema do Valor Intermediário; Teorema de Weierstrass. Limites: definição; teoremas; limites laterais; limites no infinito; assíntotas.\r\n\r\n- Derivadas: definição; diferenciabilidade e continuidade; Teorema do Valor Médio; regras de derivação para soma, produto, divisão e composição de funções; derivação implícita; derivadas de ordem superior.\r\n\r\n- Aplicações do Cálculo Diferencial: reta tangente a gráfico; crescimento e decrescimento de funções; concavidade e pontos de inflexão; máximos e mínimos de funções de uma variável; esboço de gráficos.\r\n\r\n- Integrais: Integral: primitivas; integral indefinida; integral definida; cálculo de áreas; Teorema Fundamental do Cálculo. Técnicas de integração: mudança de variáveis; integração por partes; integrais trigonométricas; frações parciais. Integrais impróprias. Fórmula de Taylor.\r\n\r\n- Séries: Introdução às séries numéricas.','Serão ministradas aulas expositivas.','Serão realizadas três provas no decorrer do semestre. Os critérios de aprovação, bem como regras para segunda chamada e exame final, obedecerão o que está disposto na resolução CEPE-37/97 desta Universidade.','Apresentar os conceitos de limite, derivada e integral para funções de uma variável real, bem como suas aplicações.','Ao fim desta disciplina, o estudante deverá dominar técnicas para calcular limites, derivadas e integrais de funções de uma variável, bem como compreender todos os conceitos envolvidos. Além disso, deverá saber aplicar tais conteúdos em problemas de máximos e mínimos de funções de uma variável, de cálculo de retas tangentes a gráficos, de cálculo de áreas definidas por gráficos de funções, dentre outros.','GUIDORIZZI, H.L. - Um Curso de Cálculo, vol. 1, 5a edição, Editora LTC, Rio de Janeiro, 2001.\r\nSTEWART, J. - Cálculo, vol. 1, 8a edição, Cengage, São Paulo, 2017.\r\nLEITHOLD, L. - O Cálculo com Geometria Analítica, vol. 1, 3a edição, Harbra, São Paulo, 1994.','BOULOS, P. - Cálculo Diferencial e Integral, vol. 1, 1a edição, Pearson, São Paulo, 1999.\r\nSIMMONS, G.F. - Cálculo com Geometria Analítica, vol. 1, 1a edição, Pearson, São Paulo, 1996.\r\nANTON, H., BIVENS, I. e DAVIS, S. - Cálculo, vol. 1, 10a edição, Bookman, Porto Alegre, 2014.\r\nTHOMAS, G.B., WEIR, M.D. e HASS, J. - Cálculo, vol. 1, 12a edição, Pearson, São Paulo, 2012.\r\nFLEMMING, D.M. e GONÇALVES, M.B. - Cálculo A: Funções, Limite, Derivação e Integração, 6a edição, Pearson, São Paulo, 2006.',41,66,'2017-12-21 15:33:28','2018-05-09 19:01:05'),(66,2,'Programa:\r\n01. FUNÇÕES. Conjuntos. Funções. Limite e continuidade.\r\n02. DERIVADAS. Derivadas de primeira ordem. Diferencial. Derivadas de ordem superior. Teoremas fundamentais sobre derivadas. Regra da cadeia. Fórmula de Taylor e McLaurin\r\n03. APLICAÇÕES DO CÁLCULO DIFERENCIAL. Regra de L\'Hopital. Máximos e mínimos. Concavidade de curvas planas. Aplicações das derivadas. Estudo da variação de uma função. Funções hiperbólicas.\r\n04. INTEGRAIS. Integral definida. Teorema fundamental do cálculo. Integral indefinida. Métodos de integração. Mudança de variáveis. Integração por partes. Decomposição em frações parciais. Aplicações da integral definida. Integração de funções transcendentes. Integral imprópria.\r\n05. SÉRIES. Séries numéricas. Critérios de convergência. Séries de potências. Séries de Taylor e McLaurin.','Serão ministradas aulas expositivo-dialogadas, com ou sem uso de multimídia, aulas de exercícios e outros.','No  decorrer  do  semestre  serão  feitas  provas  e/ou  trabalhos,  testes,  etc. Segunda chamada e exame final serão feitos conforme disposto nas resoluções CEPE-37/97 e CEPE-54/09.','Apresentar e motivar as noções de derivada e integral para funções de uma variável real.','Prover o aluno das ferramentas básicas do Cálculo Diferencial e Integral necessárias para melhor compreensão dos fenômenos e técnicas inerentes à sua área de formação.','GUIDORIZZI, H. L. - Curso de Cálculo, vol. 1, LTC.\r\nSTEWART, J. - Cálculo, volume 1.','ANTON, H. - Cálculo, vol. 1.\r\n THOMAS, G. B., Cálculo, volume 1.\r\nHUGHES-HALLET, D. et al , Cálculo I.',46,67,'2017-12-21 15:33:41','2018-05-09 19:01:40'),(67,2,'Disciplina: Introdução ao Cálculo	Código: CM0300\r\nTópicos da unidade:\r\n1. Números reais e expressões algébricas. Números racionais e números reais. Expressões algébricas. Fatoração. Quadrados perfeitos e diferença de quadrados. Simplificação de expressões racionais.\r\n2. Funções de uma variável real. Definição. Raízes de uma função.\r\n3. Gráficos. Definição e interpretação de gráficos de funções no plano cartesiano. Construção de gráficos. Extração de dados representados graficamente. Gráfico de f(x+a)+b a partir do gráfico de f(x).\r\n4. Funções do primeiro e segundo graus. Equações e inequações do primeiro grau. Gráficos de retas: esboço, interpretação, inclinação, reta que passa por dois pontos dados. Equações e inequações do segundo grau. Gráficos de parábolas.\r\n5. Função raiz quadrada. Gráfico e motivação a partir da função quadrática.\r\n6. Funções polinomiais. Potenciação e suas propriedades. Definição de função polinomial. Fatoração em função das raízes. Introdução aos gráficos.\r\n7. Funções exponenciais e logarítmicas. Definição de exponenciais. Definição de logaritmo. Equações e inequações exponenciais e logarítmicas. Retas assíntotas horizontais e verticais. Gráficos em escala log.\r\n8. Funções trigonométricas. Seno, cosseno e tangente. Período e funções periódicas. Gráficos e equações simples envolvendo funções trigonométricas.\r\n9. Derivadas e taxas de variação. Motivação. Derivadas das funções previamente estudadas. Taxa de variação. Regra da soma. Reta tangente.\r\n','As aulas teóricas serão expositivas e dialogadas, permeadas com atividades de leitura e pesquisa bibliográfica em forma de exercícios. Como meios de ensino serão utilizados: lousa e equipamento de multimídia. Durante as aulas os alunos serão incentivados a participar a fim de esclarecer as dúvidas e contribuir com exemplos e sugestões. No decorrer das aulas alguns momentos serão destinados a resolução de exercícios.','A avaliação nesta disciplina se dará em duas etapas. A primeira é uma prova individual realizada ao final do item 6 do Programa cujo valor é de 100 pontos. A segunda se dará de forma semelhante, composta por uma prova ao final do item 9 com valor de 100 pontos. \r\n\r\nCálculo da Média - Condições para Aprovação na Disciplina CM300: O cálculo da média será feito da seguinte forma M = (P1 + P2)/2, onde M é a média, P1 nota da primeira prova e P2 nota da segunda prova.\r\nCaso M >= 70 o aluno terá a nota final NF igual a Média M e frequência igual ou superior a 75%, o aluno estará aprovado.\r\nCaso M < 40 o aluno terá a nota final NF igual a Média M, e o aluno estará reprovado.\r\nCaso 40 =< M < 70 o aluno é obrigado a fazer o exame, e a nota final será dada por NF = (M + E)/2, onde E é a nota do exame. Neste caso se NF >= 50 o aluno estará aprovado, e se NF < 50 o aluno estará reprovado.\r\nFrequência: O aluno que não atingir frequência mínima de 75% das aulas estará automaticamente reprovado, salvo nos casos previstos em lei.\r\nSegunda Chamada: Haverá uma única prova de segunda chamada, para alunos que faltarem a alguma das provas. Para ter direito a segunda chamada, o aluno precisará apresentar justificativa por escrito e preencher requerimento para tal fim no Departamento de Matemática. A prova de Segunda Chamada versará sobre o conteúdo de todo a disciplina. Terão direito à realização de prova de segunda chamada os estudantes cujas situações se enquadram nas Resoluções no 37/97 e no 54/09, do Conselho de Ensino, Pesquisa e Extensão da UFPR.\r\nMais informações no site http://www.ufpr.br/soc/ no link ”Resoluções Vigentes”.\r\n','A disciplina visa promover um entendimento claro sobre o conceito de função real de uma variável, através do estudo das propriedades de funções elementares, como as polinomiais, exponenciais, trigonométricas e logarítmicas, as quais servirão como base à introdução do conceito de taxa de variação, derivada e algumas de suas propriedades, alicerçado nos seguintes objetivos específicos:','1.	Compreender conceitos, operações e propriedades de funções de uma variável;\r\n2.	Compreender representações de dados em forma de gráficos, bem como, construí-los e extrair informações destes e\r\n3.	Desenvolver aptidão para analisar e resolver problemas matemáticos com o uso de taxas de variação, derivadas e algumas aplicações.\r\n','- D. Kennedy, G.D. Foley e F. Demana, Pré-cálculo, 2a edição, Pearson, São Paulo, 2013.\r\n-GUIDORIZZI, H. L. - Curso de Cálculo, vol. 1, LTC.\r\n    SPIVAK, M. - Cálculus210','\r\n- E. Connally, D. Hughes-Hallet, A.M. Gleason, P.Cheifetz, P.F. Lock, K.R. Rhea e C.E. Swenson, Funções para Modelar Variações: Uma Preparação para o Cálculo, 3ª edição, LTC, São Paulo, 2009.\r\n- J. Stewart, Cálculo - Vol. 1, 7ª edição, Cengage Learning, São Paulo, 2013.\r\nBIBLIOGRAFIA COMPLEMENTAR\r\n- A.A. Dornelles Filho, A.M. Adami e M.M Lorandi, Pré-cálculo, 1ª edição, Bookman, Porto Alegre, 2015.\r\n- E. Swokowski. Cálculo com geometria analítica - vol. 1 - 2ª edição, Makron Books, São Paulo, 1998.\r\n- V.Z. Medeiros, L.M.O. da Silva, M.A.S.C. Machado e A. Machado, Pré-cálculo, 3ª edição, Cengage Learning, São Paulo, 2013.',53,68,'2017-12-21 15:33:51','2018-05-09 19:02:13'),(68,2,'Funções: Números reais. Módulo. Intervalos. Funções. Limite: definição, teoremas e propriedades, limites laterais, limites infinitos, limites no infinito, assíntotas verticais e horizontais. Continuidade: definição, teoremas e propriedades; teorema do valor intermediário.\r\n\r\nDerivadas: definição, teoremas e propriedades, derivabilidade e continuidade, regras de derivação, derivada de função composta (regra da cadeia), derivação implícita, derivadas de ordem superior. \r\n\r\nAplicações do cálculo diferencial: reta tangente, máximos e mínimos, intervalos de crescimento e decrescimento, concavidade e pontos de inflexão, regras de L\'Hospital, esboço de gráfico de funções, outras aplicações. Taxa de variação.\r\n\r\nIntegrais: definição, teoremas e propriedades, teorema fundamental do cálculo, cálculo de áreas.\r\nTécnicas de integração: integração por partes, mudança de variável, integração por substituição trigonométrica, integração das funções racionais. Integrais impróprias. Fórmula de Taylor.\r\n\r\nSéries: alguns exemplos.','Serão ministradas aulas expositivo-dialogadas, com ou sem uso de multimídia, aulas de exercícios, entre outros.','No decorrer do semestre serão realizadas provas. Segunda chamada e exame final serão realizados conforme as resoluções vigentes da UFPR.','Apresentar aos alunos os conceitos de limite, continuidade, diferenciabilidade e integração de funções reais de uma variável real.','Ao fim desta disciplina o estudante deverá ser capaz de manipular com fluência as funções reais de uma variável real, utilizando-as em diversos tipos de problema. Além disso, deverá apresentar a habilidade de calcular limites, derivadas e integrais dessas funções. Deverá também extrair das informações disponíveis as propriedades que forem importantes para resolver os problemas em questão.','GUIDORIZZI, H. L. - Um Curso de Cálculo, volume 1, Editora LTC, RJ.\r\nSTEWART, J. - Cálculo, volume 1, Editora Cengage Learning, SP.\r\nFLEMMING, D.V. e GONÇALVES, M.B. Cálculo A, Editora Pearson, SP.','LEITHOLD, L. - O Cálculo com Geometria Analítica, v.1, Harbra, RJ\r\nSWOKOWSKI, E. - Cálculo com Geometria Analítica, v.1 e 2. Makron, SP.',45,69,'2017-12-21 15:34:01','2018-05-17 17:57:41'),(69,2,'Números reais e expressões algébricas. Funções de uma variável real. Gráficos. Funções do primeiro e do segundo graus. Função raiz quadrada. Funções polinomiais. Funções exponenciais e logarítmicas. Funções trigonométricas. Derivadas e taxas de variaçao.','Sera ̃o ministradas aulas expositivo-dialogadas, com ou sem uso de multim ́ıdia, apresentac ̧a ̃o de semina ́rios e outros.','o decorrer do semestre sera ̃o feitas provas e/ou trabalhos, testes, apresentac ̧a ̃o de se- mina ́rios, etc. Segunda chamada e exame final sera ̃o feitos conforme disposto nas resoluc ̧o ̃es CEPE-37/97 e CEPE-54/09.','Apresentar o conceito de func ̧a ̃o real de uma varia ́vel. Estudar as propriedades de func ̧o ̃es elementares, como as polinomiais, exponenciais, trigonome ́tricas e logar ́ıtmicas. Introduzir a definic ̧a ̃o de derivada e estudar algumas de suas propriedades.','Ao te ́rmino desta disciplina, o estudante devera ́ ser capaz de reconhecer e manipular as func ̧o ̃espolinomiais,exponenciais,logar ́ıtmicasetrigonome ́tricas.Ale ́mdisso,devera ́teraha- bilidade de interpretar um gra ́fico e extrair deste as informac ̧o ̃es que possam ser necessa ́rias. Por fim, compreender o conceito de derivadas e suas aplicac ̧o ̃es imediatas.','E. Connally, D. Hughes-Hallet, A.M. Gleason, P.Cheifetz, P.F. Lock, K.R. Rhea e C.E. Swenson, Func ̧o ̃es para Modelar Variac ̧o ̃es: Uma Preparac ̧a ̃o para o Ca ́lculo, 3a edic ̧a ̃o, LTC, Sa ̃o Paulo, 2009.\r\nD. Kennedy, G.D. Foley e F. Demana, Pre ́-ca ́lculo, 2a edic ̧a ̃o, Pearson, Sa ̃o Paulo, 2013.\r\nJ. Stewart, Ca ́lculo - Vol. 1, 7a edic ̧a ̃o, Cengage Learning, Sao ̃ Paulo, 2013.','V.Z. Medeiros, L.M.O. da Silva, M.A.S.C. Machado e A. Machado, Pre ́-ca ́lculo, 3a edic ̧a ̃o, Cen- gage Learning, Sa ̃o Paulo, 2013.\r\nA.A. Dornelles Filho, A.M. Adami e M.M Lorandi, Pre ́-Ca ́lculo, 1a edic ̧a ̃o, Bookman, Porto Alegre, 2015.',30,71,'2017-12-21 15:34:30','2018-05-17 17:57:56'),(70,0,NULL,NULL,NULL,NULL,NULL,NULL,NULL,40,72,'2017-12-21 15:34:44','2017-12-21 15:34:44'),(71,2,'1. Números reais e expressões algébricas: Números racionais e números reais. Expressões algébricas. Fatoração e distributiva. Quadrados perfeitos e diferença de quadrados. Simplificação de expressões racionais.\r\n\r\n2. Funções de uma variável real: Definição e propriedades. Funções compostas e função inversa. Funções definidas por partes.\r\n\r\n3. Gráficos: Definição e interpretação de gráficos de funções no plano cartesiano. Construção de gráficos. Extração de dados representados graficamente. Gráfico de f (x + a) + b a partir do gráfico de f (x).\r\n\r\n4. Funções do primeiro e segundo graus: Equações e inequações do primeiro grau. Gráficos de retas: esboço, interpretação, inclinação, reta que passa por dois pontos dados. Equações e inequações do segundo grau. Gráficos de parábolas.\r\n\r\n5. Função raiz quadrada: Gráfico e motivação a partir da função quadrática.\r\n\r\n6. Funções polinomiais: Potenciação e suas propriedades. Definição de função polinomial. Fatoração em função das raízes. Introdução aos gráficos.\r\n\r\n7. Funções exponenciais e logarítmicas: Exponenciais. Função exponencial. Decaimento exponencial. Logaritmos. Função logarítmica. Gráficos.\r\n\r\n8. Funções trigonométricas: Seno, cosseno e tangente. Período e funções periódicas. Gráficos e equações simples envolvendo funções trigonométricas.\r\n\r\n9. Derivadas e taxa de variação: Motivação. Derivadas das funções previamente estudadas. Taxa de variação. Regra da soma. Reta tangente.','Serão ministradas aulas expositivo-dialogadas, com ou sem uso de multimı́dia.','No decorrer do semestre serão feitas 3 provas. Segunda chamada e exame final serão feitos conforme disposto nas resoluções\r\nCEPE-37/97 e CEPE-54/09.','Apresentar o conceito de função real de uma variável. Estudar as propriedades de funções elementares, como as polinomiais, exponenciais, trigonométricas e logarı́tmicas. Introduzir a definição de derivada e estudar algumas de suas propriedades.','Ao término desta disciplina, o estudante deverá ser capaz de reconhecer e manipular as funções polinomiais, exponenciais, logarı́tmicas e trigonométricas. Além disso, deverá ter a habilidade de interpretar um gráfico e extrair deste as informações que possam ser necessárias. Por fim, compreender o conceito de derivadas e suas aplicações imediatas.','E. Connaly, D. Hughes-Hallet, A.M. Gleason, P.Cheifetz, P.F. Lock, K.R. Rhea e C.E. Swenson, Funções para Modelar Variações: Uma Preparação para o Cálculo, 3ª edição, LTC, SP, 2009.\r\n    D. Kennedy, G.D Foley e F. Demana, Pré-cálculo, 2ª edição, Pearson, SP, 2013.\r\n    J. Stewart - Cálculo. Vol 1, 7ª edição, Cengage Learning, SP, 2013.','V.Z. Medeiros, L.M.O. da Silva, M.A.S.C, Machado e A. Machado, Pré-cálculo, 3ª edição, Cengage Learning, São Paulo, 2013\r\n    A.A. Dornelles Filho, A.M Adami e M.M Lorandi, Pré-Cálculo, 1ª edição, Bookman, Porto Alegre, 2015.',23,74,'2017-12-21 15:34:56','2018-05-17 17:58:03'),(72,1,'1. Números reais: frações e representação decimal; números reais.\r\n2. Expressões algébricas: distributiva e fatoração; quadrados perfeitos e diferença de\r\nquadrados; simplificação de expressões racionais.\r\n3. Funções de uma variável real: relações e funções; domínio e imagem; funções sobrejetoras e injetoras; funções pares e ímpares; funções compostas e função inversa.\r\n4. Gráficos: representação de funções no plano cartesiano; construção de gráficos; gráfico de f(x+a)+b a partir do gráfico de f(x).\r\n5. Funções do primeiro e segundo graus: equações e inequações do primeiro grau; gráficos de retas; reta que passa por dois pontos dados; equações do segundo grau; gráficos de parábolas.\r\n6. Função raiz quadrada: definição por meio da função inversa; raiz quadrada e módulo; domínio e gráfico.\r\n7. Funções polinomiais: potenciação; função potência e função recíproca; polinômios; equações e raı́zes. \r\n8. Funções exponenciais e logarı́tmicas. exponenciais e logaritmos; mudança de base e equações exponenciais; gráficos em escala log.\r\n9. Funções trigonométricas: ângulos; seno, cosseno e tangente; arco tangente; período e frequência; funções periódicas e gráficos.\r\n10. Derivadas e taxas de variação: limites de sequências e funções; continuidade; taxa de variação; função derivada e propriedades; derivada das funções polinomiais, exponenciais e trigonométricas; reta tangente; regra da cadeia.','Serão ministradas aulas expositivo-dialogadas, seguindo a estrutura de um curso tradicional de cálculo, com ou sem uso de multimı́dia.','No decorrer do semestre serão feitas três provas. A segunda chamada e o exame final serão feitos conforme disposto nas resoluções CEPE-37/97 e CEPE-54/09.','Apresentar o conceito de função real de uma variável. Estudar as propriedades de funções elementares. Introduzir a definição de derivada e estudar algumas de suas propriedades.','Ao término desta disciplina, o estudante deverá ser capaz de reconhecer e manipular as funções polinomiais, exponenciais, logarı́tmicas e trigonométricas, tanto graficamente como analiticamente. Além disso, o estudante deverá saber calcular derivadas simples e reconhecê-las em fenômenos de variação instantânea.','F. D. Demana,‎ B. K. Waits,‎ G. D. Foley e D. Kennedy (2013). Pré-Cálculo, 2a ed., Pearson.\r\n\r\nG. Thomas, M. Wier e J. Hass (2012). Cálculo, Vol. 1, 12a ed., Pearson.\r\n\r\nE. Connally, D. Hughes-Hallett, A. M. Gleason, P. Cheifetz, P. F. Lock, K. R. Rhea e C. E. Swenson (2009). Funções para modelar variações : uma preparação para o cálculo, 3a. ed., LTC.','J. Stewart (2013). Cálculo, Vol. 1, Cengage Learning.\r\n\r\nE. Batschelet (1978). Introdução à Matemática para Biocientistas, Interciência.',56,NULL,'2017-12-21 15:35:06','2018-03-02 15:08:22'),(73,0,NULL,NULL,NULL,NULL,NULL,NULL,NULL,54,76,'2017-12-21 15:35:21','2017-12-21 15:35:21'),(74,2,'1. Números reais: frações e representação decimal; números reais.\r\n2. Expressões algébricas: distributiva e fatoração; quadrados perfeitos e diferença de\r\nquadrados; simplificação de expressões racionais.\r\n3. Funções de uma variável real: relações e funções; domínio e imagem; funções sobrejetoras e injetoras; funções compostas e função inversa; funções definidas por partes.\r\n4. Gráficos: representação de funções no plano cartesiano; construção de gráficos; gráfico de f(x+a)+b a partir do gráfico de f(x).\r\n5. Funções do primeiro e segundo graus: equações e inequações do primeiro grau; gráficos de retas; reta que passa por dois pontos dados; equações do segundo grau; gráficos de parábolas.\r\n6. Função raiz quadrada: definição por meio da função inversa; raiz quadrada e módulo; domínio e gráfico.\r\n7. Funções polinomiais: potenciação; função potência e função recíproca; polinômios; equações e raı́zes. \r\n8. Funções exponenciais e logarı́tmicas. exponenciais e logaritmos; mudança de base e equações exponenciais; decaimento exponencial; gráficos em escala log.\r\n9. Funções trigonométricas: ângulos; seno, cosseno e tangente; arco tangente; período e frequência; funções periódicas e gráficos.\r\n10. Derivadas e taxas de variação: limites de sequências e funções; continuidade; taxa de variação; função derivada e propriedades; derivada das funções polinomiais, exponenciais e trigonométricas; linearização e reta tangente; aplicações.','Serão ministradas aulas expositivo-dialogadas, seguindo a estrutura de um curso tradicional de cálculo (THOMAS et al, 2012), complementado com exemplos provienientes das geociências (FERGURSON, 1998).\r\n','No decorrer do semestre serão feitas três provas. A segunda chamada e o exame final serão feitos conforme disposto nas resoluções CEPE-37/97 e CEPE-54/09.','Apresentar o conceito de função real de uma variável. Estudar as propriedades de funções elementares. Introduzir a definição de derivada e estudar algumas de suas propriedades.\r\n','Ao término desta disciplina, o estudante deverá ser capaz de reconhecer e manipular as funções polinomiais, exponenciais, logarı́tmicas e trigonométricas, tanto graficamente como analiticamente. Além disso, o estudante deverá saber calcular derivadas simples e reconhecê-las em fenômenos de variação instantânea.','F. D. Demana,‎ B. K. Waits,‎ G. D. Foley e D. Kennedy (2013). Pré-Cálculo, 2a ed., Pearson.\r\n\r\nR. Portugal (2012). Fundamentos matemáticos para geofísica I : funções de uma variável , Blucher.\r\n\r\nG. Thomas, M. Wier e J. Hass (2012). Cálculo, Vol. 1, 12a ed., Pearson.','J. Ferguson (1988). Mathematics in geology, Springer.\r\n\r\nE. Connally, D. Hughes-Hallett, A. M. Gleason, P. Cheifetz, P. F. Lock, K. R. Rhea e C. E. Swenson (2009). Funções para modelar variações : uma preparação para o cálculo, 3a. ed., LTC.',56,77,'2017-12-21 15:35:34','2018-05-17 17:58:17'),(75,0,NULL,NULL,NULL,NULL,NULL,NULL,NULL,58,NULL,'2017-12-21 15:35:41','2018-03-02 15:08:43'),(76,0,NULL,NULL,NULL,NULL,NULL,NULL,NULL,9,79,'2017-12-21 15:35:51','2017-12-21 15:35:51'),(77,0,NULL,NULL,NULL,NULL,NULL,NULL,NULL,9,80,'2017-12-21 15:35:56','2017-12-21 15:35:56'),(78,2,'\r\n1.	Noções de derivadas. Noções básicas sobre limite e continuidade. Cálculo de limites elementares. Reta tangente. Função derivada. Taxa de variação. Crescimento, decrescimento e concavidade.\r\n2.	Regras elementares de derivação. Regra da soma, produto, quociente e da cadeia. Máximos e mínimos. Pontos críticos.\r\n3.	Noções de integração e técnicas básicas de integração. Teorema Fundamental do Cálculo. Substituição e integração por partes.\r\n4.	Noções de equações diferenciais ordinárias.   Equações diferenciais ordinárias lineares de primeira ordem. Equações diferenciais lineares de segunda ordem com coeficientes constantes.\r\n','Serão ministradas aulas expositivo-dialogadas, com ou sem uso de multimídia, aulas de exercícios e outros.','No  decorrer  do  semestre  serão  feitas  provas  e/ou  trabalhos,  testes,  etc. Segunda chamada e exame final serão feitos conforme disposto nas resoluções CEPE-37/97 e CEPE-54/09.','Apresentar e motivar as noções de derivada e integral para funções de uma variável real.','Prover o aluno das ferramentas básicas do Cálculo Diferencial e Integral necessárias para melhor compreensão dos fenômenos e técnicas inerentes à sua área de formação.','   SWOKOWSKI, E. - O cálculo com geometria analítica, vol. 1, 2ª ed., Makron Books, SP, 1995.\r\n\r\n  STEWART, J - Cálculo, vol.1, 6ª ed., SP, Cengage, 2010.\r\n ','ANTON, H. - Cálculo: Um Novo Horizonte, vol.1 6ª ed., Porto Alegre, Bookman, 2000. \r\nBATSCHELET, E. - Introdução à Matemática para Biocentristas, Interciência, RJ, 1978.\r\nHUGHES-HALLET, D. et al - Cálculo Aplicado, Ed. LTC, RJ, 2012.\r\nTHOMAS, G. B. - Cálculo vol.1, 11ª ed., Pearson Addison Wesley, SP, 2009.\r\n   ',46,81,'2017-12-21 15:36:06','2018-05-17 17:58:25'),(80,0,NULL,NULL,NULL,NULL,NULL,NULL,NULL,16,NULL,'2017-12-21 15:36:22','2018-03-02 15:09:18'),(81,0,NULL,NULL,NULL,NULL,NULL,NULL,NULL,16,NULL,'2017-12-21 15:36:33','2018-03-02 15:09:25'),(82,2,'O conceito conjuntista usual de função. Funções reais de duas e três variáveis reais. Exemplos. Curvas de nível.\r\nSistemas de coordenadas. Mudanças de coordenadas. Exemplos. Limites e continuidade de funções reais de várias variáveis. Exemplos e teoremas. Derivadas parciais, planos tangentes, vetor gradiente e derivadas direcionais. Exemplos e teoremas. Máximos e mínimos, multiplicadores de Lagrange. Exemplos de aplicações e teoremas.','Aulas expositivas e discussão em sala.','Três provas escritas e atividades complementares.','Alfabetizar alunos sobre noções básicas de limites e derivação de funções reais de várias variáveis.','Oferecer ferramentas relevantes de cálculo para alunos de engenharia cartográfica, com especial ênfase em processos de mapeamento.','HUGHES-HALLET, D. et al - Cálculo e Aplicações, Edgard Blucher, SP, 1999.\r\n    HUGHES-HALLET, D. et al - Cálculo a uma e várias variáveis, Ed. LTC, RJ, 2011.\r\n    SWOKOWSKI, E. - O cálculo com geometria analítica, vol. 1, 2ª ed., Makron Books, SP, 1995.','SIMMONS, G. F. - Cálculo com Geometria Analítica, vol. 2, McGraw-Hill, RJ, 1987.\r\n    STEWART, J - Cálculo, vol.2, SP, Cengage, 2010.',8,85,'2017-12-21 15:36:41','2018-05-08 20:13:54'),(83,0,NULL,NULL,NULL,NULL,NULL,NULL,NULL,16,87,'2017-12-21 15:36:56','2017-12-21 15:36:56'),(86,2,'Conjuntos numéricos:\r\nNúmeros naturais, inteiros, racionais: soma, produto, divisão e propriedades (associativa, comutativa e distributiva). Existência dos números irracionais. Números reais e intervalos.\r\nFunções:\r\nDefinição de função sobre conjuntos. Os conjuntos imagem e contradomínio. Funções injetivas, sobrejetivas e bijetivas. Funções afim, quadrática e valor absoluto. Composta de funções. Definição de gráfico.\r\nGráficos de funções:\r\nGráficos das funções afim, quadrática e valor absoluto. Interpretação geométrica de zeros de uma função (equações).  Resolução de inequações envolvendo as funções já trabalhadas, bem como a interpretação geométrica (comparação de gráficos). \r\nComportamento de funções:\r\nFunção crescente, decrescente. Máximos e mínimos de funções quadráticas. Aplicações. Gráficos de funções polinomiais (ideias de comportamento no “infinito”).\r\nFunção exponencial:\r\nPropriedades de potências números reais. Função exponencial: propriedades algébricas, crescimento, decrescimento e gráfico. Aplicações.\r\nFunção logarítmica:\r\nFunções bijetivas, suas inversas e seus gráficos. Definição da função log. Propriedades algébricas, crescimento, decrescimento e gráfico. Aplicações.\r\nFunção trigonométrica:\r\nConceitos básicos de trigonometria num triângulo. As funções seno, cosseno, tangente definidas para todos os números reais. Periodicidade. Gráficos. Funções: secante, cossecante, cotangente e seus gráficos. Funções trigonométricas inversas.\r\nEquações trigonométricas:\r\nIdentidades trigonométricas, soma de arcos, arco metade. Equações e inequações envolvendo as funções trigonométricas e suas inversas. \r\n Transformações e gráficos:\r\nRelação entre a variação dos parâmetros e o gráfico da função: y = af(b x + c ) + d.\r\nNúmeros complexos: \r\nRepresentação algébrica, operações e propriedades, representação trigonométrica.','Aulas expositivas. Resolução de exercícios. ','Por esta disciplina (atualmente) ser parte do processo seletivo para ingresso na UFPR, as normas que regem sobre calendário das provas, com as datas e horários de cada uma delas, tipo de avaliação que será realizada,\r\nsistema de aprovação, são descritas por edital específico,  que deve ser publicado pelo Núcleo de Concursos da UFPR.','Ao final do curso, o aluno deverá ter a capacidade de entender e utilizar conceitos sobre números reais e funções fundamentais para o estudo da matemática do ensino superior.','Espera-se que ao final do curso o aluno obtenha, além do conhecimento específico de cada tópico estudado, as primeiras ideias sobre como é elaborado um texto matemático, ou seja, um primeiro contato com demonstrações de resultados elementares.  \r\nIdentificar e esboçar gráficos de funções.\r\nResolver equações e inequações relacionados com análise de funções ( domínios, imagens, seus gráficos e aplicações básicas).','GUIDORIZZI, H. L. - Um Curso de Cálculo, vol. 1 e 2, LTC, RJ.\r\n    STEWART, J. - Cálculo, vol. 1, Cengage Learning, SP.\r\n    LEITHOLD, L. - O Cálculo com Geometria Analítica, vol. 1, Harbra, RJ.','SIMMONS, G. F. - Cálculo com Geometria Analítica, vol. 2, McGraw-Hill, RJ, 1987.\r\n    APOSTOL. T. M. - Calculus, vol. 1, 2ª ed, John Wiley, New York, 1969.\r\n    SPIVAK, M. - Calculus, Addison Wesley, London, 1973.\r\n    ANTON, H. - Cálculo: um novo horizonte, vol. 1, Bookman, Porto Alegre, 2000.\r\n    BOULOS, P. e ABUD, Z. I. - Cálculo Diferencial e Integral, vol. 1, Makron Books, SP, 1999.\r\n    EDWARDS, C. H. e PENNEY, D. E. - Cálculo com geometria analítica, vol. 1, Prentice-Hall, SP, 1997.\r\n    SWOKOWSKI, E. - O Cálculo com geometria analítica, vol. 1, Makron Books, SP.\r\n    THOMAS, G. B. - Cálculo, vol. 1, 10ª ed., Pearson Addison Wesley, SP, 2002.',18,90,'2017-12-21 15:37:46','2018-05-17 17:58:36'),(87,2,'Espaço Rn.\r\nFunção de uma variável real a valores vetoriais: limite, continuidade, derivação e integração.\r\nFunção de várias variáveis reais a valores reais.\r\nLimite, continuidade e derivadas parciais.\r\nDiferenciabilidade, plano tangente e o vetor gradiente.\r\nRegra da cadeia, gradiente, derivada direcional e derivadas parciais de ordens superiores.\r\nTeorema do valor médio e fórmula de Taylor com resto de Lagrange.\r\nMáximos, mínimos e o método dos multiplicadores de Lagrange.\r\nIntegral dupla, Teorema de Fubini, mudança de variáveis e aplicações.\r\nIntegral dupla, Teorema de Fubini, mudança de variáveis e aplicações.\r\nIntegral tripla, mudança de variáveis e aplicações.\r\nIntegral de linha, campo conservativo e forma diferencial exata.\r\nIntegral de superfície.\r\nCálculo vetorial, Teorema de Green, Teorema de Gauss, Teorema de Stokes e aplicações.\r\n\r\n\r\n','Serão ministradas aulas expositivas, apresentações de seminários e outros.','No decorrer do semestre, serão feitas 3 provas. Segunda chamada e exame final serão feitos conforme disposto nas resoluções CEPE-37/97 e CEPE-54/09.','Apresentar os conceitos de limite, derivada e integral para funções de várias variáveis, bem como suas aplicações.','Ao fim desta disciplina o aluno deverá ter domínio dos principais conceitos de Cálculo diferencial e Integral de funções de várias variáveis e desenvolver a habilidade de fazer aplicações.','GUIDORIZZI, H. L - Um curso de cálculo, vols 2 e 3, LTC, RJ.\r\n    STEWART, J. - Cálculo, vol. 2, Cengage Learning, SP, 2010.\r\n    LEITHOLD, J. - O cálculo com geometria analítica, vol. 2, Harbra, RJ.','SIMMONS, G. F. - Cálculo com Geometria Analítica, vol. 2, McGraw-Hill, RJ, 1987.\r\n    APOSTOL, T. M - Calculus, vol. 2, 2ed, John Wiley, New York, 1969.\r\n    SIMMONS, G. F. - Cálculo com Geometria Analítica, vol. 2, McGraw-Hill, RJ, 1987.\r\n    ANTON, H. - Cálculo um novo horizonte, vol. 2, Bookman, Porto Alegre, 2000.\r\n    THOMAS, G. B. - Cálculo, vol. 2, 10ed., Pearson Addison Wesley, SP, 2002.\r\n    SWOKOWSKI, e. - O cálculo com geometria analítica, vol. 2, Makron Books, SP, 2000.\r\n    BOULOS, P. e ABUD, Z. I. - Cálculo Diferencial e Integral, vol. 2, Makron Books, SP, 2000.\r\n    EDWARDS, C. H. e PENNEY, D. E. - Cálculo com Geometria Analítica, vol. 2, Prentice-Hall, SP, 1997.',39,94,'2017-12-21 15:38:18','2018-05-17 17:59:02'),(88,0,NULL,NULL,NULL,NULL,NULL,NULL,NULL,42,95,'2017-12-21 15:38:30','2017-12-21 15:38:30'),(89,2,'1. Conceito geométrico de vetor: Segmento orientado para definir vetor e as operações adição e multiplicação por escalar. \r\n2. Sistemas de coordenadas em R2 e R3: Definição. Vetores no R2 e R3 e operações de  adição e multiplicação por escalar R2 e  R3.\r\n3. Produto escalar em R2 e R3: Definição. Ortogonalidade e ângulo entre vetores.  \r\n4. Produtos vetorial e misto no R3: Definição, significado geométrico e aplicações (cálculo de volumes).\r\n5. Retas no plano e no espaço:  Equação geral (R2), equação vetorial, representação paramétrica, representação simétrica.\r\n6. Planos no espaço: Equação geral, equação vetorial, representação paramétrica. Reta dada como interseção de dois planos.\r\n7. Posições relativas entre retas e planos: Reta e reta: paralelas, perpendiculares (ortogonais) e reversas (ortogonais ou não). Ângulo entre retas.  Reta e plano: reta paralela (contida ou não), perpendicular ou inclinada ao plano.  Ângulo entre reta e plano.  Plano e plano: paralelos, perpendiculares ou inclinados.   Ângulo entre planos.  \r\n8. Distâncias: Entre pontos, de ponto a reta e de ponto a plano. Entre retas paralelas ou reversas. De reta a plano, entre planos paralelos. \r\n9. Curvas no plano (cônicas) e no espaço, parametrização de curvas.  Lugares geométricos no plano, as cônicas: equações reduzidas da elipse, hipérbole e parábola. Parametrização de curvas no R2: coordenadas cartesianas, polares e funções de R em R2. Parametrização de curvas no R3: funções de R em R3. \r\n10. Superfícies no espaço (quádricas), parametrização de superfícies. Lugares geométricos  no espaço. Quádricas: esferas, elipsóides, hiperbolóides, etc, na forma reduzida.  Parametrização de  superfícies no espaço: coordenadas cartesianas, cilíndricas, esféricas e  funções de R2 em R3 \r\n11. Aplicações: Retas tangente  e normal a curvas no R2. Problemas de distâncias. Sistemas  equações lineares:  relação entre os  tipos de soluções e posições relativas entre retas. Plano Tangente e Reta Normal a uma Superfície. Sistemas  de equações lineares: relação entre os  tipos de soluções e posições relativas entre planos.','Serão ministradas aulas expositivas, com ou sem uso de multimídia, apresentação de seminários e outros.','No decorrer do semestre serão feitas provas escritas. Segunda chamada e exame final serão feitos conforme  disposto  nas resoluções CEPE-37/97 e CEPE-54/09.','Apresentar  os espaços R2 / R3 e  a representação de curvas, cônicas, planos e superfícies nos mesmos, estudar  distâncias, posições relativas  e ortogonalidade entre retas/planos.','Desenvolver no estudante a capacidade de \"enxergar\" no espaço, visualizar curvas no plano e no espaço e superfícies no espaço (importante para desenhar gráficos de funções). Ao fim desta disciplina o estudante deverá saber representar/parametrizar curvas/superfícies nos espaços R2 e R3, saber reconhecer as cônicas/quádricas nas suas formas reduzidas, bem como compreender os conceitos envolvidos.','WINTERLE, P. - Vetores e Geometria Analítica, Makron Books, SP, 2000.\r\nSTEINBRUCH, A. e WINTERLE, P. - Geometria Analítica, McGraw-Hill, SP, 1987.\r\nBOULOS, P. e CAMARGO, I. - Geometria Analítica: Um Tratamento Vetorial, 3ª ed., Pearson Prentice Hall, SP 2005.','PITOMBEIRA DE CARVALHO, J. - Vetores, Geometria Analítica e Álgebra Vetorial: Um Tratamento Moderno, Ao Livro Técnico, RJ, 1975.\r\nVENTURI, J. J. - Álgebra Vetorial e Geometria Analítica, 9ª ed., Unificado, Curitiba, 2001.\r\nVENTURI, J. J. - Cônicas e Quádricas, 5ª ed., Unificado, Curitiba, 2003.\r\n',6,91,'2017-12-21 15:38:44','2018-05-17 17:59:12'),(90,0,NULL,NULL,NULL,NULL,NULL,NULL,NULL,11,93,'2017-12-21 15:38:59','2017-12-21 15:38:59'),(91,0,NULL,NULL,NULL,NULL,NULL,NULL,NULL,27,105,'2017-12-21 15:39:49','2017-12-21 15:39:49'),(92,2,'Deﬁnicão de equacões diferenciais. Deﬁnição. Classiﬁcação. Famílias de curvas. Trajetórias Ortogonais. Modelos Matemáticos. Teorema de Existência e Unicidade de Soluções. Equacões diferenciais ordinárias de 1a ordem. Equações diferenciais separáveis. Equações diferenciais Exatas. Fatores Integrantes. Equações diferenciais lineares de 1a ordem.Redução a equação linear: Equação de Bernoulli. Equações diferenciais ordinárias de 2a ordem e de ordens superiores. Redução de ordem. Equações diferencias lineares de 2a ordem com coeﬁcientes constantes, homogêneas: equação característica; e não homogêneas: Método dos Coeﬁcientes Indeterminados e Método da Variação de Parâmetros (dependência e independência linear das soluçõess, uso do Wronskiano). Solução de equações de ordens superiores. Transformada de Laplace. Deﬁniçãoo. Transformada Inversa. Linearidade. 1o Teorema do Deslocamento. Transformada de Laplace da derivada e da integral. Resolvendo equações diferenciais.  A Função Degrau Unitário. 2o Teorema do Deslocamento. A Função Delta de Dirac. Diferenciação e Integração de Transformadas. Convolução. Equações Integrais. Sistemas de equações diferenciais de 1a ordem: análise quantitativa e qualitativa. Resolvendo sistemas homogêneos de equações diferenciais com autovalores e autovetores. Plano de Fase. Estabilidade de pontos críticos. Resolvendo sistemas de equações diferenciais com Transformada de Laplace. Solução para sistemas não homogêneos: por coeﬁcientes indeterminados e variação de parâmetros. Soluções por séries de potências para equações diferenciais ordinárias. Sequências e séries numéricas. As Séries de Taylor e de McLaurin: representação de funções por séries de potências. O Método das Séries de Potências. A Equação de Legendre e os Polinômios de Legendre. O Método de Frobenius. A Equação de Bessel. A função de Bessel de 1o tipo Jν(x). A função de Bessel de 2o tipo Yν(x). A Série de Fourier. O problema Sturm-Liouville. Autovalores, autofunções e funções ortogonais. Expansão em série de funções ortogonais. A Série de Fourier e a representação de funções periódicas. Introdução às equações diferenciais parciais via séries de Fourier e método da separação de variáveis: equações unidimensionais da onda e do calor. Método da Separação de Variáveis. As equações da onda e do calor unidimensionais: soluções por séries de Fourier. Tópicos de cálculo. Representação de funções não periódicas: a Integral de Fourier. Uso da Integral de Fourier para calcular integrais deﬁnidas. Equação Unidimensional do Calor para uma barra semi-inﬁnita: uso da integral de Fourier.','Serão ministradas aulas expositivas, com ou sem uso de multimídia, apresentação de seminários e outros.\r\n','No decorrer do semestre serão feitas provas e/ou trabalhos, testes, apresentação de seminários, etc. Segunda chamada e exame ﬁnal serão feitos conforme disposto nas resoluções CEPE-37/97 e CEPE-54/09.\r\n','Apresentar diversas técnicas para resolver equações diferenciais ordinárias e parciais.','Ao ﬁm desta disciplina o estudante deverá saber técnicas para resolver equações diferenciais ordinárias de 1a ordem (separação de variáveis, equações exatas e fator integrante), de 2a ordem com coeﬁcientes constantes, homogêneas e não homogêneas (coeﬁcientes indeterminados e variação de parâmetros), saber usar a Transformada de Laplace, resolver sistemas de equações diferenciais lineares via autovalores e autovetores, fazer análise de estabilidade de pontos críticos de sistemas de equações, usar a Série de Fourier para representar funções periódicas e saber resolver problemas envolvendo as equações diferenciais parciais da onda e do calor unidimensionais.\r\n','\r\nBOYCE, W. E. e DI PRIMA, R. C. - Equações Diferenciais Elementares e Problemas de Valores de Contorno, 8a ed., LTC, RJ, 2010.\r\nKREYSZIG, E. - Matemática Superior, vols 1 e 2, 9a ed, LTC, RJ, 2009.\r\n    SIMMONS, G. F. e KRANTZ, S. G. - Equações Diferenciais: Teoria, Técnica e Prática, McGraw-Hill, SP, 2008.','KREYSZIG, E. - Advanced Engineering Mathematics, 9th ed., John Wiley & Sons, 2006.\r\n    ZILL, D. e CULLEN, M. R. - Equações Diferenciais, 3a ed., Pearson, SP, 2001.\r\n    ZILL, D. - Equações Diferenciais com Aplicações em Modelagem, 1a ed., Cengage Learning, SP, 2009.',14,96,'2017-12-21 15:40:54','2018-05-17 17:59:24'),(93,2,'Conjuntos:\r\nPertinência; Igualdade; Conjuntos especiais: universo; vazio, unitário; Conjuntos finitos e infinitos - notação “...”; Diagrama de Venn; Inclusão; Operações: união, interseção, diferença, produto cartesiano; Propriedades das operações;\r\n\r\nLinguagem e Noções da estrutura de teorias matemáticas:\r\nQuantificadores; Os conectivos lógicos “implicação” e “equivalência”; Negação; contra-exemplos;\r\nNoção de axioma, postulado, hipótese, tese, definição, propriedade, teorema, demontração.\r\n\r\nNúmeros naturais e Inteiros:\r\nFechamento das operações de soma e multiplicação; Primos; Decomposição em primos; Pares e ímpares, algumas demonstrações. Divisibilidade, mmc e mdc\r\n\r\nFrações:\r\nFrações equivalentes; representação decimal; dízima periódica; notação científica; operações com frações\r\n\r\nNúmeros reais:\r\nRepresentação na reta; Existência de Irracionais; módulo; intervalos; Operações e propriedades: Regra de sinais - demonstração, Lei do cancelamento, fatoração, produtos notáveis. Expressões e equações.\r\nRelações de ordem. Desigualdades e inequações. Estimar números irracionais. Maior inteiro.\r\n\r\nNúmeros racionais versus irracionais:\r\nRepresentação na reta: O teorema de Thales, O Teorema de Pitágoras. Irracionalidade de sqrt(5). Regras para identificar irracionais; Racionais versus periodicidade.\r\n\r\nEstudo de expressões numéricas e algébricas.\r\n\r\nResolução de equações:\r\nEquações elementares; equação do primeiro grau, sinal de expressão do primeiro grau; Equação e expressão de segundo grau: completando quadrados, simetria, extremos, raízes, sinal de uma expressão, equação e sistema de equação de segundo grau. Simplificando equações: equivalência, estudo de sinais. Resolução de inequações.\r\n\r\nPotência:\r\nExpoentes inteiros; expoentes racionais; expoentes irracionais; como operar com potências. Propriedades de potências. Potências e relação de ordem.\r\n\r\nProgressões e séries:\r\nProgressão geométrica; Progressão aritmética; sequências e séries – uma introdução; alguma propriedades de convergência. Introdução ao raciocínio indutivo e demonstrações elementares com indução finita.','A disciplina será desenvolvida mediante aulas expositivo-dialogadas quando serão apresentados os conteúdos curriculares teóricos e através de atividades de resolução de problemas.  Serão utilizados os seguintes recursos: quadro de giz, notebook e projetor multimídia e softwares específicos.\r\n','Por se tratar de estudantes do PSE, serão feitas quatro provas cobrindo as quatro disciplinas ministradas. A menor nota será descartada, e o cálculo da média será a média aritmética simples das três maiores notas. O estudante que obtiver média maior ou igual a cinquenta (de cem) está aprovado.','O alunos deverão ser capazes de compreender  e usar a linguagem matemática, para ler textos matemáticos elementares, aprimorar a intuição sobre os conceitos matemáticos e escrever soluções de problemas básicos. Compreender e usar as propriedades dos números reais.','Compreender as relações de pertinência e inclusão de conjuntos.\r\nCompreender e usar os conectivos, quantificadores e operadores lógicos.\r\nCompreender a estrutura das teorias matemáticas e identificar as técnicas de demonstração.\r\nIdentificar hipótese e tese em enunciados de proposições e teoremas.\r\nSaber em quais situações as propriedades dos números reais são válidas e como são enunciadas.\r\nResolver equações e inequações nos reais, utilizando tais propriedades.\r\n','Ivan Niven. Números: racionais e irracionais. SBM, 2012.\r\n\r\nIezzi, Gelson, Murakami, Carlos, Fundamentos da matemática Elementar: Conjuntos e Funções Vol 1 - Ed; Atual 2003.\r\n\r\nEdgar de Alencar Filho. Teoria elementar dos conjuntos. Nobel\r\n','Daniel Cordeiro de Morais Filho. Um convite à Matemática, SBM 2016.\r\n\r\nSebastião Firmo. Lições de Matemática Básica.\r\nhttp://www.gma.uff.br/html/informacoes%20disciplinas/Matematica%20Basica%202014-1/LivroMB-2014.pdf\r\n\r\nMarlene Dieguez Fernandez. Matemática Básica. Notas de Aula, Departamento de Matemática Aplicada, Universidade Federal Fluminense, 2011. Acesso em 09/06/2016 http://www.professores.uff.br/hjbortol/disciplinas/2010.2/gma00116/arquivos/fernandez-mb-2009-1.pdf\r\n',58,97,'2017-12-21 15:41:03','2018-05-17 17:59:33'),(94,2,'Conjuntos:\r\nPertinência; Igualdade; Conjuntos especiais: universo; vazio, unitário; Conjuntos finitos e infinitos - notação “...”; Diagrama de Venn; Inclusão; Operações: união, interseção, diferença, produto cartesiano; Propriedades das operações;\r\n\r\nLinguagem e Noções da estrutura de teorias matemáticas:\r\nQuantificadores; Os conectivos lógicos “implicação” e “equivalência”; Negação; contra-exemplos;\r\nNoção de axioma, postulado, hipótese, tese, definição, propriedade, teorema, demontração.\r\n\r\nNúmeros naturais e Inteiros:\r\nFechamento das operações de soma e multiplicação; Primos; Decomposição em primos; Pares e ímpares, algumas demonstrações. Divisibilidade, mmc e mdc\r\n\r\nFrações:\r\nFrações equivalentes; representação decimal; dízima periódica; notação científica; operações com frações\r\n\r\nNúmeros reais:\r\nRepresentação na reta; Existência de Irracionais; módulo; intervalos; Operações e propriedades: Regra de sinais - demonstração, Lei do cancelamento, fatoração, produtos notáveis. Expressões e equações.\r\nRelações de ordem. Desigualdades e inequações. Estimar números irracionais. Maior inteiro.\r\n\r\nNúmeros racionais versus irracionais:\r\nRepresentação na reta: O teorema de Thales, O Teorema de Pitágoras. Irracionalidade de sqrt(5). Regras para identificar irracionais; Racionais versus periodicidade.\r\n\r\nEstudo de expressões numéricas e algébricas.\r\n\r\nResolução de equações:\r\nEquações elementares; equação do primeiro grau, sinal de expressão do primeiro grau; Equação e expressão de segundo grau: completando quadrados, simetria, extremos, raízes, sinal de uma expressão, equação e sistema de equação de segundo grau. Simplificando equações: equivalência, estudo de sinais. Resolução de inequações.\r\n\r\nPotência:\r\nExpoentes inteiros; expoentes racionais; expoentes irracionais; como operar com potências. Propriedades de potências. Potências e relação de ordem.\r\n\r\nProgressões e séries:\r\nProgressão geométrica; Progressão aritmética; sequências e séries – uma introdução; alguma propriedades de convergência. Introdução ao raciocínio indutivo e demonstrações elementares com indução finita.','A disciplina será desenvolvida mediante aulas expositivo-dialogadas quando serão apresentados os conteúdos curriculares teóricos e através de atividades de resolução de problemas.  Serão utilizados os seguintes recursos: quadro de giz, notebook e projetor multimídia e softwares específicos.','Por se tratar de estudantes do PSE, serão feitas quatro provas cobrindo as quatro disciplinas ministradas. A menor nota será descartada, e o cálculo da média será a média aritmética simples das três maiores notas. O estudante que obtiver média maior ou igual a cinquenta (de cem) está aprovado.','O alunos deverão ser capazes de compreender  e usar a linguagem matemática, para ler textos matemáticos elementares, aprimorar a intuição sobre os conceitos matemáticos e escrever soluções de problemas básicos. Compreender e usar as propriedades dos números reais.','Compreender as relações de pertinência e inclusão de conjuntos.\r\nCompreender e usar os conectivos, quantificadores e operadores lógicos.\r\nCompreender a estrutura das teorias matemáticas e identificar as técnicas de demonstração.\r\nIdentificar hipótese e tese em enunciados de proposições e teoremas.\r\nSaber em quais situações as propriedades dos números reais são válidas e como são enunciadas.\r\nResolver equações e inequações nos reais, utilizando tais propriedades.','Ivan Niven. Números: racionais e irracionais. SBM, 2012.\r\n\r\nIezzi, Gelson, Murakami, Carlos, Fundamentos da matemática Elementar: Conjuntos e Funções Vol 1 - Ed; Atual 2003.\r\n\r\nEdgar de Alencar Filho. Teoria elementar dos conjuntos. Nobel','Daniel Cordeiro de Morais Filho. Um convite à Matemática, SBM 2016.\r\n\r\nSebastião Firmo. Lições de Matemática Básica.\r\nhttp://www.gma.uff.br/html/informacoes%20disciplinas/Matematica%20Basica%202014-1/LivroMB-2014.pdf\r\n\r\nMarlene Dieguez Fernandez. Matemática Básica. Notas de Aula, Departamento de Matemática Aplicada, Universidade Federal Fluminense, 2011. Acesso em 09/06/2016 http://www.professores.uff.br/hjbortol/disciplinas/2010.2/gma00116/arquivos/fernandez-mb-2009-1.pdf\r\n',58,98,'2017-12-21 15:41:11','2018-05-17 17:59:42'),(95,2,'1-Conjuntos numéricos: Números naturais, inteiros, racionais: soma, produto, divisão e propriedades (associativa, comutativa e distributiva). Existência dos números irracionais. Números reais e intervalos.\r\n\r\n2-Funções: Definição de função sobre conjuntos. Os conjuntos imagem e contradomínio. Funções injetivas, sobrejetivas e bijetivas. Funções afim, quadrática e valor absoluto. Composta de funções. Definição de gráfico.\r\n\r\n3-Gráficos de funções: Gráficos das funções afim, quadrática e valor absoluto. Interpretação geométrica de zeros de uma função (equações).  Resolução de inequações envolvendo as funções já trabalhadas, bem como a interpretação geométrica (comparação de gráficos). \r\n\r\n4-Comportamento de funções: Função crescente, decrescente. Máximos e mínimos de funções quadráticas. Aplicações. Gráficos de funções polinomiais (ideias de comportamento no “infinito”).\r\n\r\n5-Função exponencial: Propriedades de potências números reais. Função exponencial: propriedades algébricas, crescimento, decrescimento e gráfico. Aplicações.\r\n\r\n6-Função logarítmica: Funções bijetivas, suas inversas e seus gráficos. Definição da função log. Propriedades algébricas, crescimento, decrescimento e gráfico. Aplicações.\r\n\r\n7-Função trigonométrica: Conceitos básicos de trigonometria num triângulo. As funções seno, cosseno, tangente definidas para todos os números reais. Periodicidade. Gráficos. Funções: secante, cossecante, cotangente e seus gráficos. Funções trigonométricas inversas.\r\n\r\n8-Equações trigonométricas: Identidades trigonométricas, soma de arcos, arco metade. Equações e inequações envolvendo as funções trigonométricas e suas inversas. \r\n\r\n9-Transformações e gráficos: Relação entre a variação dos parâmetros e o gráfico da função: y = af(b x + c ) + d.\r\n\r\n10-Números complexos: Representação algébrica, operações e propriedades, representação trigonométrica. ','Serão ministradas aulas expositivo-dialogadas, com ou sem uso de multimı́dia.','Por esta disciplina (atualmente) ser parte do processo seletivo para ingresso na UFPR, as normas que regem sobre  calendário das provas, com as datas e horários de cada uma delas, tipo de avaliação que será realizada, sistema de aprovação, são descritas por edital específico,  que deve ser publicado pelo Núcleo de Concursos da UFPR.','Ao final do curso, o aluno deverá ter a capacidade de entender e utilizar conceitos sobre números reais e funções fundamentais para o estudo da matemática do ensino superior.','Espera-se que ao final do curso o aluno obtenha, além do conhecimento específico de cada tópico estudado, as primeiras ideias sobre como é elaborado um texto matemático, ou seja, um primeiro contato com demonstrações de resultados elementares.  Identificar e esboçar gráficos de funções. Resolver equações e inequações relacionados com análise de funções ( domínios, imagens, seus gráficos e aplicações básicas).','-R. Romano, Cálculo Diferencial e Integral, vol 1, Ed. Atlas, capítulos 0 a 3.\r\n-Números e Funções Reais (PROFMAT)\r\n-Coleção Fundamentos de matemática elementar: Gelson Iezzi.','-H.L. Guidorizzi, Um Curso de Cálculo, vol 1, Ed. LTC, 5a edição, capítulos 1 e 2.\r\n-Trigonometria / Números Complexos (do Carmo, Morgado e Wagner) - SBM - Coleção do Professor de Matemática\r\n-Números: Racionais e Irracionais (Ivan Niven)',23,99,'2017-12-21 15:41:22','2018-05-17 17:59:50'),(96,2,'Funções real de uma variável real. Números reais. Intervalos. Módulo. Funções.\r\nFunções trigonométricas inversas e hiperbólicas. Funções exponencial e logarítmica.\r\nLimite: definição, teoremas e aplicações; limites laterais; limites infinitos; limites\r\nno infinito; assíntotas verticais e horizontais. Continuidade: definição, teoremas e\r\naplicações; teorema do valor intermediário.\r\n2. Derivadas. Derivada: definição, teoremas e aplicações; derivabilidade e continuidade;\r\nregras de derivação; derivada de função composta (regra da cadeia);\r\nderivação implícita; derivadas de ordem superior. Aplicações: máximos e mínimos\r\nabsolutos e relativos; teorema de Rolle e do valor médio; funções crescentes e decrescentes,\r\nteste da derivada primeira; concavidade e pontos de inflexão; teste da\r\nderivada segunda para extremos relativos; esboço de gráfico de funções; outras\r\naplicações. Diferencial. Taxa de variação.\r\n3. Integrais. Integral: definição, teoremas e aplicações; teorema fundamental do\r\ncálculo; cálculo de áreas, volumes e comprimentos de curvas por integral definida.\r\nTécnicas de integração: integração por partes, mudança de variável, integração por\r\nsubstituição trigonométrica, integração das funções racionais. Integrais impróprias.\r\nFórmula de Taylor e de MacLaurin.','Aulas expositivas e resolução de exercícios. ','Durante o semestre serão realizadas três avaliações escritas sendo que a nota semestral será dad pela média simples das notas obtidas nessas provas. As provas de segunda chamada e exame final serão feitas conforme disposto nas resoluções CEPE-37/97 e CEPE-54/09.','Conhecer os conceitos elementares sobre limite, continuidade, diferenciabilidade e integração de\r\nfunções reais de uma variável real. ','Ao fim desta disciplina o estudante dever ´a ser capaz de manipular com fluência as funções reais\r\nde uma variável real, utilizando-as em diversos tipos de problema. Além disso, deverá apresentar\r\na habilidade de calcular limites, derivadas e integrais dessas funções. Deverá também\r\nextrair das informações disponíveis as propriedades que forem importantes para resolver os\r\nproblemas em questão.','GUIDORIZZI, H.L. Um curso de Cálculo, volume 1, 5a ed. Editora LTC, Rio de Janeiro, 2008.\r\nSTEWART, J. Cálculo, volume 1, 7a ed. Cengage Learning, São Paulo, 2013.\r\n','FLEMMING, D.V. e GONÇALVES, M.B. Cálculo A, 6a ed. Editora Pearson, São Paulo, 2006.\r\nWEIR M. D. e HASS J. (Thomas) Cálculo, volume 1, 12a ed. Editora Pearson, 2013.\r\nBOULOS, P. Cálculo Diferencial e Integral, vol. 1, Editora Makron Books, 1999.',18,100,'2017-12-21 15:41:30','2018-05-17 17:59:59'),(97,2,'Matrizes e Operações Matriciais: Notação e terminologia matricial. Operações: adição e subtração, produto por escalar, produto de matrizes. Matriz\r\nzero e Matriz identidade. Transposta de uma matriz; Propriedades da transposta. Traço de uma matriz. Propriedades das operações matriciais.\r\nSistemas de Equações Lineares: Equações Lineares. Sistemas Lineares. Matrizes Aumentadas. Operações Elementares sobre linhas. Forma escalonada\r\nreduzida por linhas - Eliminação por Gauss- Jordan. Forma escalonada por linhas - Eliminação Gaussiana. Retro-substituição. Sistemas lineares homogêneos.\r\nMatrizes Inversas: Matriz inversa. Propriedades das inversas. Invertibilidade da transposta. Matrizes elementares e um método para encontrar a inversa. Matrizes diagonais; Matrizes triangulares; Matrizes simétricas.\r\nDeterminantes: Definição determinante: expansão em cofatores. Notação e terminologia. Propriedades dos determinantes. Matrizes elementares e determinantes: cálculo de determinantes através de redução por linhas. Regra de Cramer.\r\nVetores em R² e em R³: Introdução aos vetores (geométricos). Aritmética Vetorial: soma e produto por escalar. Norma de um vetor. Produto\r\nescalar. Projeções. Produto Vetorial. Produto Misto.\r\nRetas e Planos: Retas e Planos no espaço tridimensional. Interseções de: reta e reta, reta e plano, plano e plano. Posições relativas entre retas e planos. Ângulos. Distâncias.','A disciplina será desenvolvida mediante aulas expositivo-dialogadas quando serão apresentados os conteúdos curriculares teóricos e através de resolução de problemas. Serão utilizados os seguintes recursos: quadro de giz, notebook e projetor multimídia e softwares específicos.','Serão realizadas quatro provas ao longo do semestre nas datas: 27 de março, 24 de abril, 22 de maio e 22 de junho. A média final será calculada via média aritmética das três maiores notas obtidas.','Saber resolver sistemas lineares usando matrizes e suas propriedades e aplicar essas técnicas de resolução para analisar e resolver problemas geométricos envolvendo retas, planos, distâncias.','O aluno deverá ser capaz de fazer operações com matrizes.\r\nResolver sistemas lineares utilizando métodos variados.\r\nCalcular o determinante de uma matriz .\r\nFazer operações com vetores.\r\nReconhecer equações de retas e planos, classificar a posição relativa entre eles.','Reginaldo J. Santos. Matrizes, Vetores e Geometria Analítica. 2010. Imprensa UFMG (http://www.mat.ufmg.br/~regi/livros.html)\r\n\r\nPaulo Winterle. Vetores e Geometria analítica. Pearson Makron Books\r\n\r\nSteven J. Leon. Álgebra Linear com Aplicações. LTC','Ivan de Camargo e Paulo Boulos. Geometria Analítica: um tratamento vetorial. Pearson\r\n\r\nAlfredo Steinbruch e Paulo Winterle. Geometria Analítica. McGraw-Hill\r\n\r\nBoldrini, Costa, Ribeiro e Wetzler. Álgebra Linear.   Editora Harbra, 1986.',57,101,'2017-12-21 15:41:45','2018-05-17 18:00:07'),(98,2,'Matrizes e Operações Matriciais: \r\nNotação e terminologia matricial. Operações: adição e subtração, produto por escalar, produto de matrizes. Matriz zero e Matriz identidade. Transposta de uma matriz; Propriedades da transposta. Traço de uma matriz. Propriedades das operações matriciais.\r\n\r\nSistemas de Equações Lineares:\r\nEquações Lineares. Sistemas Lineares. Matrizes Aumentadas. Operações Elementares sobre linhas. Forma escalonada reduzida por linhas - Eliminação por Gauss- Jordan. Forma escalonada por linhas - Eliminação Gaussiana. Retro-substituição. Sistemas lineares homogêneos.\r\n\r\nMatrizes Inversas:\r\nMatriz inversa. Propriedades das inversas. Invertibilidade da transposta. Matrizes elementares e um método para encontrar a inversa. Matrizes diagonais; Matrizes triangulares; Matrizes simétricas.\r\n\r\nDeterminantes:\r\nDefinição determinante: expansão em cofatores. Notação e terminologia. Propriedades dos determinantes. Matrizes elementares e determinantes: cálculo de determinantes através de redução por linhas. Regra de Cramer.\r\n\r\nVetores em R² e em R³:\r\nIntrodução aos vetores (geométricos). Aritmética Vetorial: soma e produto por escalar. Norma de um vetor. Produto escalar. Projeções. Produto Vetorial. Produto Misto.\r\n\r\nRetas e Planos:\r\nRetas e Planos  no espaço tridimensional. Interseções de: reta e reta, reta e plano, plano e plano. Posições relativas entre retas e planos. Ângulos. Distâncias.','A disciplina será desenvolvida mediante aulas expositivo-dialogadas quando serão apresentados os conteúdos curriculares teóricos e através de resolução de problemas. Serão utilizados os seguintes recursos: quadro de giz, notebook e projetor multimídia e softwares específicos.\r\n','As avaliações são as mesmas do Processo Seletivo Estendido 2018 que estão marcadas para os dias:\r\n27/03, 24/04, 22/05 e 22/06.','Saber resolver sistemas lineares usando matrizes e suas propriedades e aplicar essas técnicas de resolução para analisar e resolver problemas geométricos envolvendo retas, planos, distâncias. ','O aluno deverá ser capaz de fazer operações com matrizes.\r\nResolver sistemas lineares utilizando métodos variados. \r\nCalcular o determinante de uma matriz .\r\nFazer operações com vetores.\r\nReconhecer equações de retas e planos, classificar a posição relativa entre eles.','Reginaldo J. Santos. Matrizes, Vetores e Geometria Analítica. 2010. Imprensa UFMG  (http://www.mat.ufmg.br/~reg) \r\nPaulo Winterle. Vetores e Geometria analítica. Pearson Makron Books\r\nSteven J. Leon. Álgebra Linear com Aplicações. LTC','Ivan de Camargo e Paulo Boulos. Geometria Analítica: um tratamento vetorial. Pearson\r\nAlfredo Steinbruch e Paulo Winterle. Geometria Analítica. McGraw-Hill\r\nBoldrini, Costa, Ribeiro e Wetzler. Álgebra Linear.  Harbra\r\nCoelho, F. U. Introdução à Álgebra Linear. Editora Livraria da Física',28,102,'2017-12-21 15:42:04','2018-05-17 18:00:16'),(99,0,NULL,NULL,NULL,NULL,NULL,NULL,NULL,54,103,'2017-12-21 15:42:51','2017-12-21 15:42:51'),(100,0,NULL,NULL,NULL,NULL,NULL,NULL,NULL,43,104,'2017-12-21 15:43:03','2017-12-21 15:43:03'),(101,0,NULL,NULL,NULL,NULL,NULL,NULL,NULL,48,106,'2017-12-21 15:43:19','2017-12-21 15:43:19'),(102,1,'Álgebras; Módulos sobre álgebras, homomorfismos, soma direta e produto direto; módulo livre, módulos projetivos e injetivos, resolução projetiva e injetiva; sequências exatas, lema da serpente, pullback e pushout; tensores e Teorema de Watts. Teorema de Morita.\r\nOutros tópicos: álgebra semi-simples e Teorema de Weederburn-Artin; Funtores Ext e Tor','A disciplina será desenvolvida mediante aulas expositivo-dialogadas quando serão apresentados os conteúdos teóricos. Também poderá haver resolução de exercícios e seminários ministrados pelos estudantes.','Duas avaliações escritas programadas para as seguintes datas: 26 de abril e 26 de junho. ','Ao final do curso o aluno deverá ter assimilado um conjunto de informações que o capacitem a entender e trabalhar com conceitos de Álgebras e de módulos sobre álgebras.','O aluno deverá ser capaz de explicar, demonstrar e aplicar os principais resultados da teoria de álgebras associativas e sua categoria de módulos, tais como Lema da Serpente, Teorema de Watts e Teorema de Morita. Também deverá ser capaz de dar exemplos dos principais objetos estudados.','I. Assem, Algebres et modules - Cours et exercices, Les Presses de l\'Universite d\'Ottawa, 1997.','F. W. Anderson, K. R. Fuller, Rings and Categories of Modules, Springer, 1991.\r\nN. Jacobson, Basic Algebra I and II, W.H. Freeman and Company.\r\nT.Y. Lam, A First Course in Noncommutative Rings, Graduate Texts in Mathematics 131, Springer, 2nd edition, 2001.',28,107,'2017-12-21 15:43:26','2018-03-09 17:19:58'),(103,0,NULL,NULL,NULL,NULL,NULL,NULL,NULL,26,108,'2017-12-21 15:43:36','2017-12-21 15:43:36'),(104,1,'Equações de primeira ordem, método das  características, teorema de Cauchy-Kovalevski, equações do calor, da onda e do potencial, transformada de Fourier, princípios do máximo e teoremas de unicidade.','Serão ministradas aulas, disponibilizado horários para atendimento individual e listas de exercícios.','Serão feitas duas provas escritas e individuais.','Apresentar técnicas específicas que são eficientes para resolver alguns problemas de EDP.','Permitir que o estudante seja capaz de identificar quais equações podem ser tratadas via alguns métodos específicos de EDP. Iremos fazer algumas análises qualitativas destas soluções e desenvolver algumas técnicas mais gerais (transformada de Fourier) para estudar alguns modelos de equações.','- Folland, G. - Introduction to Partial differential Equations, Princeton.\r\n- Evans, L. Partial Differential Equations, AMS.\r\n- Fritz, J. - Partial Differential Equations, Springer.','- Folland, G. - Introduction to Partial differential Equations, Princeton.\r\n- Evans, L. Partial Differential Equations, AMS.\r\n- Fritz, J. - Partial Differential Equations, Springer.\r\n- McOwen, R. - Partial Differential Equations, methods and applications, Prentice Hall.\r\n',38,109,'2017-12-21 15:43:49','2018-02-28 14:21:39'),(106,1,'Otimização sem restrições.\r\nCondições de otimalidade e convexidade.\r\nTeorema global de convergência.\r\nVelocidade de convergência: linear, superlinear, quadrática.\r\nMétodos de busca unidimensional. Buscas unidirecionais: exata e inexata.\r\nMétodos clássicos: método do gradiente, Newton, quase-Newton, gradiente conjugado. \r\nCondições de otimalidade para problemas com restrições de igualdade e desigualdade. Teorema de Karush-Kuhn-Tucker.','Aulas expositivas com participação dos alunos. Uso de material multímidia e de recursos computacionais. Demonstrações dos principais resultados. Aulas com exercícios teóricos e computacionais. Listas de exercícios complementares. Implementação de algoritmos. Atividades de avaliação.','3 avaliações escritas e um trabalho computacional que envolve relatório escrito e oral.','- Promover o desenvolvimento no aluno de autonomia no estudo, na interpretação e na compreensão, discussão e solução de problemas;\r\n- Cooperar no estudo em grupo, concentração e confiança no estudo individual, atenção e respeito ao grupo;\r\n- Fortalecer a capacidade de pesquisa;\r\n- Identificar a importância da disciplina na sua formação como Mestre ou Doutor em Matemática;\r\n- Aprender  conceitos fundamentais, dos métodos decorrentes destes e de suas aplicações','- Identificar propriedades teóricas, algorítmicas e computacionais de diferentes métodos de otimização contínua irrestrita.\r\n- Reconhecer e  provar resultados clássicos de Otimização Contínua.\r\n- Ser capaz de implementar algoritmos de otimização contínua.\r\n- Aplicar os conceitos de otimização contínua.\r\n- Ser capaz de ler e interpretar resultados de um artigo científico.\r\n- Reconhecer as condições de otimalidade para problemas irrestritos.\r\n- Reconhecer as condições de KKT e de otimalidade de segunda ordem para problemas restritos.\r\n- Reconhecer as principais condições de qualificação para problemas restritos.','- Otimização Contínua: Aspectos Teóricos e Computacionais. Ademir A. Ribeiro, Elizabeth W. Karas, Cengage Learning, 288 págs., 2014.\r\n- Otimização, Volume 1: Condições de Otimalidade, Elementos de Análise Convexa e Dualidade.  Alexey Izmailov e Mikhail Solodov. IMPA -Rio de Janeiro, Brasil, 2005.\r\n\r\n\r\n- Linear and Nonlinear Programming, David G. Luenberger,Addison-Wesley Publishing Company.\r\n- Métodos Computacionais de Otimização, José Mario Martínez e Sandra Augusta Santos, IMPA.\r\n- Numerical Methods for unconstrained optimization and nonlinear equations, J. E. Dennis Jr and Robert B. Schnabel,\r\n- Nonlinear Programming: theory and algorithms, M. S. Bazaraa, H. D. Sherali and C. M. Shetty, Wiley.\r\n- Numerical Optimization, Jorge Nocedal and Stephen J. Wright, Springer, 2006, Seg. Edição.','- Otimização Contínua: Aspectos Teóricos e Computacionais. Ademir A. Ribeiro, Elizabeth W. Karas, Cengage Learning, 288 págs., 2014.',25,111,'2017-12-21 15:44:10','2018-03-09 20:53:47'),(107,1,'Funções teste e distribuições. Convergência e Operações com distribuições. Derivada distribuicional. Localização e suporte de uma Distribuição. Distribuições com suporte compacto. Convolução de distribuições com funções suaves e convolução de distribuições. Soluções fundamentais de operadores com coeficientes constantes. Hipoelíticidade. Transformada de Fourier e fórmula de inversão. Distribuições temperadas. Teorema de Paley-Wierner-Schwarz. Parametrizes e resolubilidade. Conjuntos frente de onda e propagação de singularidades. ','As aulas serão predominantemente expositivas. Ao final do curso poderá haver uma sequência de seminários ministrados pelos alunos sobre o uso de distribuições e análise de Fourier em temas relacionados a pesquisa proposta por seus orientadores.','Serão feitas pelo menos três avaliações e a nota final será a média aritmética das notas obtidas em tais avaliações.','Apresentar aos estudantes a principal ferramenta de estudo para equações diferenciais, a análise de Fourier, em um dos ambientes funcionais mais gerais no qual essa ferramenta possui boas propriedades.','.','Duistermaat, J. J. e Kolk, J. A. C. , Distributions: Theory and Applications.\r\nGrubb, G., Distributions and Operators.\r\nHounie, J., Teoria elementar da distribuições, 12. CBM, 1979.\r\n\r\n','Folland, G., Real Analysis: Modern Techniques and their Applications, 2nd edition, John Wiley, 1999.\r\nHormander, L., The analysis of linear partial differential operators I, Springer-Verlag, 2nd edition, 1990.\r\nSchwartz, L. Théorie des distributions, Hermann, 1966.\r\nTreves, F., Topological Vector Spaces, distributions and kernels, Academioc press, 1967.',12,112,'2017-12-21 15:44:17','2018-03-02 20:26:51'),(108,0,NULL,NULL,NULL,NULL,NULL,NULL,NULL,36,113,'2017-12-21 15:44:28','2017-12-21 15:44:28'),(109,0,NULL,NULL,NULL,NULL,NULL,NULL,NULL,43,114,'2017-12-21 15:44:41','2017-12-21 15:44:41'),(110,0,NULL,NULL,NULL,NULL,NULL,NULL,NULL,11,115,'2017-12-21 15:44:51','2017-12-21 15:44:51'),(111,0,NULL,NULL,NULL,NULL,NULL,NULL,NULL,9,116,'2017-12-21 15:44:58','2017-12-21 15:44:58'),(112,0,NULL,NULL,NULL,NULL,NULL,NULL,NULL,13,117,'2017-12-21 15:45:09','2017-12-21 15:45:09'),(114,2,'   * Conceito geométrico de vetor. Segmento orientado para definir vetor e as operações adição e multiplicação por escalar.\r\n  *  Sistemas de coordenadas em R2 e R3. Definição. Vetores no R2 e R3 e operações de adição e multiplicação por escalar R2 e R3.\r\n   * Produto escalar em R2 e R3. Definição. Ortogonalidade e ângulo entre vetores.\r\n *   Produtos vetorial e misto no R3. Definição, significado geométrico e aplicações (cálculo de volumes).\r\n  *  Retas no plano e no espaço. Equação geral (R2), equação vetorial, representação paramétrica, representação simétrica.\r\n  *  Planos no espaço. Equação geral, equação vetorial, representação paramétrica. Reta dada como interseção de dois planos.\r\n *   Posições relativas entre retas e planos. Reta e reta: paralelas, perpendiculares (ortogonais) e reversas (ortogonais ou não). Ângulo entre retas. Reta e plano: reta paralela (contida ou não), perpendicular ou inclinada ao plano. Ângulo entre reta e plano. Plano e plano: paralelos, perpendiculares ou inclinados. Ângulo entre planos.\r\n   * Distâncias. Entre pontos, de ponto a reta e de ponto a plano. Entre retas paralelas ou reversas. De reta a plano, entre planos paralelos.\r\n*  Curvas no plano (cônicas) e no espaço, parametrização de curvas. Lugares geométricos no plano, as cônicas: equações reduzidas da elipse, hipérbole e parábola. Parametrização de curvas no R2 e no R3.\r\n    * Superfícies no espaço (quádricas), parametrização de superfícies. Lugares geométricos no espaço, as Quádricas: esferas, elipsóides, hiperbolóides, etc, na forma reduzida. Parametrização de superfícies no espaço.\r\n *   Aplicações. Problemas de distâncias. Sistemas equações lineares: relação entre os tipos de soluções e posições relativas entre retas. Sistemas de equações lineares: relação  e posições relativas entre planos.','Serão ministradas aulas expositivas, com ou sem uso de multimídia, quando serão apresentados os conteúdos curriculares teóricos e resoluções de exercícios. Serão marcados encontros semanais extras para atendimentos de dúvidas.','No decorrer do semestre serão feitas 2 provas escritas (valendo de 0 a 100 pontos cada) e exercícios resolvidos poderão serem  entregues ao professor (valendo até 5 pontos). A media final será a media aritmética das duas provas mais a nota dos exercícios. Segunda chamada e exame final serão feitos conforme disposto nas resoluções CEPE-37/97 e CEPE-54/09.','Apresentar os espaços R2 e R3 e a representação de curvas, cônicas, planos e superfícies nos mesmos, estudar distâncias, posições relativas e ortogonalidade entre retas/planos.','Desenvolver no estudante a capacidade de \"enxergar\" no espaço, visualizar curvas no plano e no espaço e superfícies no espaço (importante para desenhar gráficos de funções). Ao fim desta disciplina o estudante deverá saber representar/parametrizar curvas/superfícies nos espaços R2 e R3, saber reconhecer cônicas/quádricas nas suas formas reduzidas, bem como compreender os conceitos envolvidos.','WINTERLE, P. - Vetores e Geometria Analítica, Makron Books, SP, 2000.\r\nSTEINBRUCH, A. e WINTERLE, P. - Geometria Analítica, McGraw-Hill, SP, 1987.\r\nBOULOS, P. e CAMARGO, I. - Geometria Analítica: Um Tratamento Vetorial, 3ª ed., Pearson Prentice Hall, SP 2005.','PITOMBEIRA DE CARVALHO, J. - Vetores, Geometria Analítica e Álgebra Vetorial: Um Tratamento Moderno, Ao Livro Técnico, RJ, 1975.\r\nVENTURI, J. J. - Álgebra Vetorial e Geometria Analítica, 9ª ed., Unificado, Curitiba, 2001.\r\nVENTURI, J. J. - Cônicas e Quádricas, 5ª ed., Unificado, Curitiba, 2003.\r\nGUIDORIZZI, H. L. - Um curso de cálculo, vols. 1 e 2, LTC, RJ.',60,92,'2017-12-21 16:20:52','2018-05-17 18:00:27'),(116,0,NULL,NULL,NULL,NULL,NULL,NULL,NULL,61,73,'2017-12-21 16:21:18','2017-12-21 16:21:18'),(117,0,NULL,NULL,NULL,NULL,NULL,NULL,NULL,61,86,'2017-12-21 16:21:33','2017-12-21 16:21:33'),(119,2,'(1) Função real de uma variável real:\r\nDefinição de função. Funções trigonométricas e suas inversas. Função exponencial e logarítmica.\r\nLimite: definição, teoremas e aplicações; limites laterais; limites infinitos; limites no infinito; assíntotas verticais e horizontais. Continuidade: definição, teoremas e aplicações; teorema do valor intermediário. \r\n\r\n(2) Derivadas:  Derivada: definição, teoremas e aplicações; derivabilidade e continuidade; regras de derivação; derivada de função composta (regra da cadeia); derivação implícita; derivadas de ordem superior. \r\nAplicações: máximos e mínimos absolutos e relativos; teorema de Rolle e do valor médio; \r\nfunções crescentes e decrescentes, teste da derivada primeira; concavidade e pontos de inflexão; \r\nteste da derivada segunda para extremos relativos; esboço de gráfico de funções. Diferencial. Taxa de variação. \r\n\r\n(3) Integral: definição, teoremas e aplicações; teorema fundamental do \r\ncálculo; cálculo de áreas, volumes e comprimentos de curvas por integral definida. Técnicas de integração: \r\nintegração por partes, mudança de variável, integração por substituição trigonométrica, integração das funções racionais. Integrais impróprias. Formula de Taylor e de Mac-Laurin. ','Serão ministradas aulas expositivo-dialogadas.','Serão feitas três provas de peso simples. A nota será a média simples das três provas. ','Apresentar aos alunos os conceitos de limite, continuidade, diferenciabilidade e integração de funções reais de uma variável real.','Ao termino desta disciplina o estudante devera ser capaz de manipular com fluência as funções \r\nreais de uma variável real, utilizando-as em diversos tipos de problema. Além disso, deverá apresentar a habilidade de calcular limites, derivadas e integrais dessas funções. Deverá também extrair das informações disponíveis as propriedades que forem importantes para resolver os problemas em questão.','STEWART, J. - Cálculo, vol. 1, Cengage Learning, SP.\r\n   GUIDORIZZI, H. L. - Um Curso de Cálculo, vol. 1 e 2, LTC, RJ.\r\n   LEITHOLD, L. - O Cálculo com Geometria Analítica, vol. 1, Harbra, RJ.','APOSTOL. T. M. - Calculus, vol. 1, 2ª ed, John Wiley, New York, 1969.\r\n    SPIVAK, M. - Calculus, Addison Wesley, London, 1973.\r\n    WEIR M. D. e HASS J. (Thomas) Calculo, volume 1, 12a ed. Editora Pearson, 2013.\r\n    BOULOS, P. Calculo Diferencial e Integral, vol. 1, Editora Makron Books, 1999.\r\n    ANTON, H. - Cálculo: um novo horizonte, vol. 1, Bookman, Porto Alegre, 2000.\r\n    BOULOS, P. e ABUD, Z. I. - Cálculo Diferencial e Integral, vol. 1, Makron Books, SP, 1999.',31,88,'2018-01-25 12:10:47','2018-05-17 18:00:37'),(120,0,'Revisâo da teoria das funções\r\nEstudo dos Limites\r\nDerivadas: aplicações em problemas de otimização e de taxas relacionadas; construção de gráficos a partir da determinação dos pontos críticos.\r\nIntegrais: técnicas de integração, cálculo de áreas e de comprimentos','Apresentação da teoria em sala, resolução de exercícios pelo professor e resolução de exercícios, em sala, pelos alunos. Indicação de exercícios do livro texto.','A avaliação consiste de três provas com o mesmo peso.\r\nP1: até limites\r\nP2: derivadas e aplicações\r\nP3: integrais e aplicações\r\n','Proporcionar e familiarizar o aluno com o conhecimento das ferramentas do Cálculo \r\ne procurar relacionar alguns dos novos conceitos com os já vistos em Física.','','THOMAS, G. B. - Cálculo, vol. 1, 12ª ed., Pearson Addison Wesley, SP, 2012.\r\nGUIDORIZZI, H. L. - Um Curso de Cálculo, vol. 1 e 2, LTC, RJ. \r\nSTEWART, J. - Cálculo, vol. 1, Cengage Learning, SP.\r\nLEITHOLD, L. - O Cálculo com Geometria Analítica, vol. 1, Harbra, RJ.','SIMMONS, G. F. - Cálculo com Geometria Analítica, vol. 2, McGraw-Hill, RJ, 1987.\r\n    APOSTOL. T. M. - Calculus, vol. 1, 2ª ed, John Wiley, New York, 1969.\r\n    SPIVAK, M. - Calculus, Addison Wesley, London, 1973.\r\n    ANTON, H. - Cálculo: um novo horizonte, vol. 1, Bookman, Porto Alegre, 2000.\r\n    BOULOS, P. e ABUD, Z. I. - Cálculo Diferencial e Integral, vol. 1, Makron Books, SP, 1999.\r\n    EDWARDS, C. H. e PENNEY, D. E. - Cálculo com geometria analítica, vol. 1, Prentice-Hall, SP, 1997.\r\n    SWOKOWSKI, E. - O Cálculo com geometria analítica, vol. 1, Makron Books, SP.\r\n',32,89,'2018-01-25 12:10:56','2018-03-07 14:12:24'),(121,2,'Função real de uma variável real: Números reais. Intervalo. Módulo. Funções. Limite e continuidade: definição de limite, teoremas e aplicações; limites laterais; limites infinitos; limites no infinito; assíntotas verticais e horizontais. Continuidade: definição, teoremas e aplicações; continuidade com função composta, aplicações; teorema do valor intermediário, aplicações.\r\n\r\nDerivada: definição, teoremas e aplicações; diferenciabilidade e continuidade; derivada de função composta (regra da cadeia); derivação implícita; derivadas de ordem superior. Aplicações: máximos e mínimos absolutos e relativos; teorema de Rolle e do valor médio; funções crescentes e decrescentes, teste da derivada primeira; concavidade e pontos de inflexão; teste da derivada segunda para extremos relativos; traçado do gráfico de funções algébricas; outras aplicações. Diferencial: definição e aplicações; anti-derivada, integrais indefinidas e aplicações.\r\n\r\nIntegrais. Área: definição, teoremas e aplicações; teorema do valor médio para integrais definidas; teorema fundamental do cálculo; cálculo de áreas, volumes e comprimentos de curvas por integral definida. Funções logarítmica e exponencial: definições, limites, derivadas e integrais. Funções trigonométricas inversas e hiperbólicas: definições, derivadas e integrais. Técnicas de integração: integração por partes, integração das potências de seno, cosseno, tangente, cotangente, secante, cossecante, integração por substituição trigonométrica, integração das funções racionais. Aplicações. Formas indeterminadas, integrais impróprias e fórmulas de Taylor e de MacLaurin.\r\n\r\nIntrodução às Equações diferenciais. Conceitos básicos; equações lineares de primeira ordem; equações de primeira ordem com variáveis separáveis; equações homogêneas.  Aplicações.','Serão ministradas aulas expositivas, com ou sem uso de multimídia, quando serão apresentados os conteúdos curriculares teóricos e resoluções de exercícios. Serão marcados encontros semanais extras para atendimentos de dúvidas.','No decorrer do semestre serão feitas 3 provas escritas (valendo de 0 a 100 pontos cada) e exercícios resolvidos poderão serem  entregues ao professor (valendo até 5 pontos). A media final será a media aritmética das duas provas mais a nota dos exercícios. Segunda chamada e exame final serão feitos conforme disposto nas resoluções CEPE-37/97 e CEPE-54/09.','Apresentar e motivar as noções de derivada e integral para funções de uma variável real.','Prover o aluno das ferramentas básicas do Cálculo Diferencial e Integral necessárias para melhor compreensão dos fenômenos e técnicas inerentes à sua área de formação.','STEWART, J.- Cálculo, vol.1 – 5a. ou 6a. ed., São Paulo, Pioneira /Thomson Learning\r\nGUIDORIZZI, H. L. - Um Curso de Cálculo, vol. 1, Editora LTC, RJ.\r\n LEITHOLD, L. - O Cálculo com Geometria Analítica, v.1, Harbra, RJ',' SWOKOWSKI, E. - Cálculo com Geometria Analítica, v.1 e 2. Makron, SP.\r\nAPOSTOL, T. M., Calculus, vol1, 2º edição. John Willey, USA, 1969.',60,12,'2018-02-08 17:11:41','2018-05-17 18:00:46'),(122,0,NULL,NULL,NULL,NULL,NULL,NULL,NULL,61,34,'2018-02-08 17:12:12','2018-02-08 17:12:12'),(123,2,'\r\n\r\nPrograma:\r\n\r\n1 FUNÇÕES: Conjuntos. Noção de aplicação, de funções (de uma variavel real). Dominio e contradominio, imagem, composição, gráfico. Funções usuais e seus gráficos. Aplicações sobrejetoras, injetoras, bijetoras, e inversas. Funçoes trigonométricas inversas. Funções crescentes, decrescentes, pares, impares, periódicas.\r\n\r\n2 LIMITES DE UMA FUNÇÂO: Limites finitas/infinitas num ponto finito/no infinito. Limites de funções usuais. Regras sobre limites. Regra de L\'Hopital. Limites de funções racionais. \r\n\r\n3 CONTINUIDADE: Noção de função continua. Regras sobre continuidade. Teorema do valor intermediário e suas aplicações. \r\n\r\n4 DERIVADAS: Derivadas de primeira ordem.  Teoremas sobre derivadas. Regra da cadeira. Diferencial de ordem superior. Fórmula de Taylor e McLaurin. Teorema dos acrescimentos finitos. \r\n\r\n5 APLICAÇÕES DO CÁLCULO DIFERENCIAL:  Máximos e mínimos. Concavidade de curvas planas. Aplicações das derivadas. Estudo da variação de uma função. Funções hiperbólicas.\r\n\r\n7 INTEGRAIS: Integral definida. Teorema fundamental do cálculo. Integral indefinida. Método de integração. Mudança de variáveis. Integração por partes. Decomposição em frações parciais. Aplicação da integral indefinida. Integração de funções transcendentes. Integral imprópria. \r\n\r\n7 SÉRIES: Séries numéricas. Critérios de convergência. Séries de potências. Séries de Taylor e McLaurin.\r\n','Serão ministradas aulas expositivas. ','No decorrer do semestre serão feitas duas provas. Segunda chamada e exame final serão feitos conforme disposto nas resoluções CEPE-37/97 e CEPE-54/09.','Familiarisar o aluno com o conceito de função e seus vários comportamentos, tais como limites num ponto finito ou infinito, asimptotas e continuidade. Assimilar a noção de derivada de uma função, poder calcula-la, e perceber seu  ','Saber dominios/limites/derivadas/integrais de funções usuais, deduzir dominios/limites/derivadas/integrais dominio de uma expressão (simplificando expressões, manipulando desigualdades, estudando tabelas de sinais, e usando regras introduzidas em sala de aula). Estudar variações de uma função e suas aplicações. Poder desenhar o gráfico detalhado de uma função. Calcular primitivas, integrais e suas aplicações. Series numéricas, apliações como aproximações de funções. ','GUIDORIZZI, H. L. - Curso de Cálculo, vol. 1, LTC.\r\nSPIVAK, M. - Cálculus','STEWART, J. - Cálculo Vol. 1 - 6ª Ed. CENGAGE Learning. ',49,70,'2018-02-08 17:13:10','2018-05-17 18:00:55'),(124,2,'Espaços Vetoriais, Transformações Lineares, Autovalores e Autovetores, Diagonalização de Operadores, Produtos Internos, Sistemas de E.D.O..','Aulas expositivas e resolução de problemas.','Serão realizadas 03 avaliações escritas, sendo que apenas as duas maiores notas serão utilizadas para comporem a média final.','Identificar, interpretar e resolver problemas relacionados ao conteúdo programático. ','Resolver problemas e interpretar os resultados, utilizando tópicos do programa.','DAVID, C. I. - Álgebra Linear e suas Aplicações, Livros Técnicos e Científicos Editora.\r\nSTEVEN, I. L. - Álgebra Linear com Aplicações, LTC, RJ, 1999.\r\nBOLDRINI et al - Álgebra Linear, Harbra.\r\nLIMA, E. I - Álgebra Linear, Col. Matemática Universitária. IMPA, CNPq, RJ, 1996.','DAVID, C. I. - Álgebra Linear e suas Aplicações, Livros Técnicos e Científicos Editora.\r\nSTEVEN, I. L. - Álgebra Linear com Aplicações, LTC, RJ, 1999.\r\nBOLDRINI et al - Álgebra Linear, Harbra.\r\nLIMA, E. I - Álgebra Linear, Col. Matemática Universitária. IMPA, CNPq, RJ, 1996.',51,3,'2018-02-15 11:06:22','2018-05-17 18:01:09'),(125,1,'1.	Funções mensuráveis e medidas. Conjuntos e funções mensuráveis, medidas, espaços de medidas, cargas.\r\n2.	A Integral e funções integráveis. Funções simples e suas integrais, Teorema da convergência monótona, lema de Fatou, Teorema da convergência dominada, integrandos que dependem de um parâmetro. Espaços Lp, desigualdade de Holder, desigualdade de Minkowski, completamento.\r\n3.	Modos de Convergências e decomposição de medidas. Tipos de convergência, teorema de Egoroff, teorema de Vitali, Decomposição de Hahn e Jordam, Teorema de Radon-Nikodym, Teorema de representação de Riez em Lp.\r\n4.	Geração de Medidas. Medidas sobre sigma álgebras, Teorema de extensão de medidas de Caratheodory, Teorema de extensão de Hahn.\r\n5.	Produto de medidas. Retângulos, produto de medidas, classes monótonas, Teoremas de Tonelli e Fubini. \r\n','Serão ministrados 60 horas entre aulas presenciais e avaliações. ','No decorrer do semestre serão aplicadas 3 provas escritas e a partir destas seguiremos as resoluções CEPE-37/97 e CEPE-54/09. As datas das provas serão discutidas em sala de aula e publicadas no site http://www.ufpr.br/~higidio. ','Familiarizar o aluno das ferramentas básicas envolvendo assuntos da teoria da medida da teoria de integração segundo Lebesgue. ','Treinar habilidades de resolução de problemas nesta área.','1.	R.G. Bartle, The Elements of Integration and Lebesgue measure, John Wiley \\& Sons, 1995.\r\n2.	D. L. Cohn, Measure theory, Birkhauser, 1980.\r\n3.	Nielsen, An introduction to integration and measure theory, John Wiley and Sons, 1997.','1.	S. Ovchinnikov, Measure, Integral, Derivative. A Course on Lebesgue\'s Theory, Springer, 2013.\r\n2.	 H.L. Royden, Real Analysis, Macmillan, 1988.\r\n3.	 Wheeden and A. Zigmund, Measure and Integral. An Introduction to Real Analysis, Marcel Decker, 1977.\r\n',29,110,'2018-02-15 11:07:00','2018-02-26 12:40:13'),(126,2,'1.	Matrizes e sistemas lineares. Álgebra matricial. Resolubilidade de sistemas Lineares. Sistemas equivalentes. Operações linha.  Método de Eliminação de Gauss. Determinante de uma matriz. Regra de Cramer.\r\n2.	Espaços Vetoriais e transformações lineares. Independência linear. Base e Dimensão. Subespaços vetoriais Transformações lineares. Núcleo e Imagem. Representação matricial. Posto e nulidade de uma matriz.\r\n3.	Espaços com produto escalar. Produto escalar. Desigualdade de Cauchy-Schwarz. Ângulo entre vetores. Ortogonalidade. Operador projeção. Processo de ortogonalização de Gram-Schmidt. Aproximação por mínimos quadrados.\r\n4.	Autovalores e Autovetores. Autovalores e autovetores. Diagonalização de matrizes e operadores. Cônicas e equações quadráticas.\r\n','Será ministrada 60 horas entre aulas presenciais e avaliações escritas.','No decorrer do semestre serão aplicadas 3 provas escritas e a partir destas seguiremos as resoluções CEPE-37/97 e CEPE-54/09. As datas das provas serão discutidas em sala de aula e publicadas no site http://www.ufpr.br/~higidio. ','Familiarizar o aluno das ferramentas básicas envolvendo matrizes e operadores lineares para a resolução de diversos problemas da ciência que podem ser colocadas de forma direta ou indireta (abstrata).','Treinar habilidades de resolução de problemas que podem ser interpretadas no contexto de sistemas de equações lineares e suas abstrações.','1.	S.L. Leon.  Álgebra linear com aplicações, 8 edição. LTC, 2010\r\n2.	G. Strang.  Álgebra linear e suas aplicações, 4 edição. Cengage Learning, 2010.\r\n3.	J.L. Boldrini, S.R. Costa, V.L. Figueiredo e H.G. Wetzler. Álgebra linear, 3 edição. Harbra, 1984.\r\n    ','1.	C.A. Callioli, H.H. Domingues e R.C.F. Costa. Álgebra linear e aplicações, 7 edição. Atual editora.\r\n2.	Steinbruch e P. Winterle. Algebra linear, 2 edição. Pearson, 1987.\r\n3.	T.M. Apostol. Calculus and linear algebra, Vol 1 e 2. John Wiley and sons.',29,1,'2018-02-15 12:13:39','2018-05-17 18:01:17'),(127,0,NULL,NULL,NULL,NULL,NULL,NULL,NULL,62,NULL,'2018-02-19 12:54:34','2018-02-23 17:41:39'),(128,0,NULL,NULL,NULL,NULL,NULL,NULL,NULL,16,82,'2018-02-23 17:41:39','2018-02-23 17:41:39'),(129,0,NULL,NULL,NULL,NULL,NULL,NULL,NULL,11,13,'2018-02-23 17:43:15','2018-02-23 17:43:15'),(130,0,NULL,NULL,NULL,NULL,NULL,NULL,NULL,63,75,'2018-03-02 15:08:22','2018-03-02 15:08:22'),(131,0,NULL,NULL,NULL,NULL,NULL,NULL,NULL,63,78,'2018-03-02 15:08:43','2018-03-02 15:08:43'),(132,0,NULL,NULL,NULL,NULL,NULL,NULL,NULL,63,83,'2018-03-02 15:09:18','2018-03-02 15:09:18'),(133,0,NULL,NULL,NULL,NULL,NULL,NULL,NULL,63,84,'2018-03-02 15:09:25','2018-03-02 15:09:25');
/*!40000 ALTER TABLE `fichas` ENABLE KEYS */;
UNLOCK TABLES;

--
-- Table structure for table `groups`
--

DROP TABLE IF EXISTS `groups`;
/*!40101 SET @saved_cs_client     = @@character_set_client */;
/*!40101 SET character_set_client = utf8 */;
CREATE TABLE `groups` (
  `id` int(11) NOT NULL AUTO_INCREMENT,
  `name` varchar(255) DEFAULT NULL,
  `matter_id` int(11) DEFAULT NULL,
  `semester_id` int(11) DEFAULT NULL,
  `option_id` int(11) DEFAULT NULL,
  `unite_group_id` int(11) DEFAULT NULL,
  `course_id` int(11) DEFAULT NULL,
  `vacancies` varchar(255) DEFAULT NULL,
  `class_room` varchar(255) DEFAULT NULL,
  `created_at` datetime NOT NULL,
  `updated_at` datetime NOT NULL,
  `active` tinyint(1) DEFAULT NULL,
  PRIMARY KEY (`id`),
  KEY `index_groups_on_matter_id` (`matter_id`),
  KEY `index_groups_on_semester_id` (`semester_id`),
  KEY `index_groups_on_option_id` (`option_id`),
  KEY `index_groups_on_unite_group_id` (`unite_group_id`),
  KEY `index_groups_on_course_id` (`course_id`),
  CONSTRAINT `fk_rails_04596f61e3` FOREIGN KEY (`matter_id`) REFERENCES `matters` (`id`),
  CONSTRAINT `fk_rails_0dbb68deda` FOREIGN KEY (`course_id`) REFERENCES `courses` (`id`),
  CONSTRAINT `fk_rails_671dafd1ef` FOREIGN KEY (`unite_group_id`) REFERENCES `unite_groups` (`id`),
  CONSTRAINT `fk_rails_8246ae78f9` FOREIGN KEY (`semester_id`) REFERENCES `semesters` (`id`),
  CONSTRAINT `fk_rails_ae0eb351eb` FOREIGN KEY (`option_id`) REFERENCES `options` (`id`)
) ENGINE=InnoDB AUTO_INCREMENT=118 DEFAULT CHARSET=utf8;
/*!40101 SET character_set_client = @saved_cs_client */;

--
-- Dumping data for table `groups`
--

LOCK TABLES `groups` WRITE;
/*!40000 ALTER TABLE `groups` DISABLE KEYS */;
INSERT INTO `groups` VALUES (1,'A',1,1,1,NULL,8,'60','PA01','2017-12-15 13:49:34','2018-02-23 15:30:05',NULL),(2,'B',1,1,2,NULL,21,'50','PA03','2017-12-15 13:49:35','2018-02-19 11:31:42',NULL),(3,'C',1,1,3,NULL,3,'60','PK07','2017-12-15 13:49:35','2018-02-22 11:09:24',NULL),(4,'D',1,1,3,NULL,6,'79','EQ11','2017-12-15 13:49:35','2018-02-22 11:09:46',NULL),(5,'E',1,1,4,NULL,15,'60','PA03','2017-12-15 13:49:36','2018-02-26 18:30:40',NULL),(6,'F',1,1,5,NULL,56,'40','3ª PC18 e 5º CT01','2017-12-15 13:49:36','2018-02-19 11:34:24',NULL),(7,'G',1,1,6,NULL,16,'70','PA08','2017-12-15 13:49:36','2018-02-19 11:34:47',NULL),(8,'A',2,1,7,NULL,11,'40','PC04','2017-12-15 13:49:37','2018-02-19 11:35:17',NULL),(9,'A',3,1,8,NULL,3,'26','PL04','2017-12-15 13:49:37','2018-02-22 11:10:30',NULL),(10,'C',3,1,8,NULL,63,'60+22','PC16, PC03 e PA09','2017-12-15 13:49:37','2018-02-19 11:36:35',NULL),(11,'D',3,1,9,NULL,19,'65','PA09, PA08 e PA07','2017-12-15 13:49:37','2018-02-19 11:37:20',NULL),(12,'E',3,1,10,NULL,12,'106','PC07, PC16  e PC17','2017-12-15 13:49:38','2018-02-19 11:38:33',NULL),(13,'F',3,1,11,NULL,16,'90','2ª PA06, 4ª e 6ª PC06','2017-12-15 13:49:38','2018-02-22 11:11:55',NULL),(14,'G',3,1,12,NULL,55,'82','PC18, PC03 e PC17','2017-12-15 13:49:38','2018-02-19 11:40:34',NULL),(15,'H',3,1,13,NULL,56,'60','PC16','2017-12-15 13:49:39','2018-02-19 11:41:06',NULL),(16,'HNR',3,1,14,NULL,69,'25','2ª e 4ª PA06 e 6ª PC03','2017-12-15 13:49:39','2018-03-05 11:29:16',NULL),(17,'A',4,1,15,NULL,64,'60+15','2ª PL04, 4ª e 6ª PA08','2017-12-15 13:49:39','2018-03-07 18:04:02',NULL),(18,'B',4,1,15,NULL,6,'80','EQ11','2017-12-15 13:49:39','2018-02-22 11:22:56',NULL),(19,'D',4,1,16,NULL,15,'60','PA03','2017-12-15 13:49:40','2018-02-19 11:49:06',NULL),(20,'A',5,1,17,NULL,8,'40','PA02','2017-12-15 13:49:40','2018-02-19 11:51:09',NULL),(21,'B',5,1,18,NULL,2,'80','PA08 e PF11','2017-12-15 13:49:40','2018-02-19 11:51:36',NULL),(22,'C',5,1,18,NULL,57,'80+5','2ª PA07 e 4ª PA08','2017-12-15 13:49:40','2018-02-22 11:24:36',NULL),(23,'D',5,1,19,NULL,58,'20+60','CT07','2017-12-15 13:49:41','2018-02-22 11:25:05',NULL),(24,'E',5,1,20,NULL,16,'60','PA01 e PA08','2017-12-15 13:49:41','2018-02-19 11:54:07',NULL),(25,'A',6,1,21,NULL,8,'40','PA05','2017-12-15 13:49:41','2018-02-19 11:55:07',NULL),(26,'B',6,1,22,NULL,59,'40+15','CT04','2017-12-15 13:49:41','2018-02-22 11:27:52',NULL),(27,'A',7,1,23,NULL,2,'100','PA08','2017-12-15 13:49:41','2018-02-26 18:30:12',NULL),(28,'B',7,1,23,NULL,2,'100','PA09 e PA05','2017-12-15 13:49:42','2018-02-19 12:14:20',NULL),(29,'C',7,1,24,NULL,3,'16','CT07','2017-12-15 13:49:42','2018-02-22 13:31:16',NULL),(30,'D',7,1,24,NULL,23,'50','PA04','2017-12-15 13:49:42','2018-02-19 12:30:50',NULL),(31,'E',7,1,24,NULL,6,'74','EQ11','2017-12-15 13:49:42','2018-02-22 11:29:17',NULL),(32,'F',7,1,25,NULL,19,'65','PF07','2017-12-15 13:49:42','2018-02-19 12:31:44',NULL),(33,'G',7,1,25,NULL,12,'102','PA08 e PM02','2017-12-15 13:49:43','2018-02-28 13:56:54',NULL),(34,'H',7,1,26,NULL,65,'35','CT04','2017-12-15 13:49:43','2018-02-22 11:29:57',NULL),(35,'I',7,1,26,NULL,65,'15','PH11','2017-12-15 13:49:43','2018-02-28 18:58:27',NULL),(36,'J',7,1,27,NULL,55,'81','EQ15','2017-12-15 13:49:43','2018-03-05 11:27:19',NULL),(37,'A',8,1,28,NULL,20,'15','PA09','2017-12-15 13:49:43','2018-02-19 12:42:01',NULL),(38,'A',9,1,29,NULL,11,'50','3ª e 5ª PA05, 6ª PA01','2017-12-15 13:49:44','2018-02-19 12:42:44',NULL),(39,'B',9,1,30,NULL,18,'40','PC07, PC17 e PC04','2017-12-15 13:49:44','2018-02-19 12:44:14',NULL),(40,'A',10,1,31,NULL,60,'30+20','PA02','2017-12-15 13:49:44','2018-02-22 11:31:36',NULL),(41,'A',11,1,32,NULL,61,'30+40','CT02','2017-12-15 13:49:44','2018-02-22 11:32:03',NULL),(42,'A',12,1,33,NULL,11,'30','PG11','2017-12-15 13:49:45','2018-02-28 18:58:55',NULL),(43,'A',13,1,34,NULL,11,'30','PC17','2017-12-15 13:49:45','2018-02-19 13:03:47',NULL),(44,'A',14,1,35,NULL,11,'40','PA04','2017-12-15 13:49:45','2018-02-19 13:04:07',NULL),(45,'A',15,1,36,NULL,24,'30','PA06','2017-12-15 13:49:45','2018-02-19 13:05:06',NULL),(46,'A',16,1,37,NULL,24,'30','2ª PC18 e 4ª PC17','2017-12-15 13:49:45','2018-02-22 11:33:18',NULL),(47,'A',17,1,38,NULL,62,'30+20','3ª PA02 e 5ª PA08','2017-12-15 13:49:46','2018-02-22 11:34:05',NULL),(48,'A',18,1,39,NULL,24,'30','PC04','2017-12-15 13:49:46','2018-02-19 13:06:19',NULL),(49,'A',19,1,40,NULL,24,'31','PC04','2017-12-15 13:49:46','2018-02-22 11:34:37',NULL),(50,'A',20,1,41,NULL,11,'30','CT08 e CT04','2017-12-15 13:49:46','2018-02-19 13:07:16',NULL),(51,'A',21,1,42,NULL,24,'70','PA08, CT07 e PC04','2017-12-15 13:49:47','2018-02-19 13:07:49',NULL),(52,'A',22,1,43,NULL,24,'70','2ª PA08, 3ª E 5ª PA09','2017-12-15 13:49:47','2018-02-19 13:08:38',NULL),(53,'A',23,1,44,NULL,18,'40','PC04 e PA08','2017-12-15 13:49:47','2018-02-19 13:12:53',NULL),(54,'A',24,1,45,NULL,11,'50','PA04','2017-12-15 13:49:48','2018-02-19 13:15:26',NULL),(55,'B',24,1,46,NULL,18,'50','PA05','2017-12-15 13:49:48','2018-02-19 13:15:44',NULL),(56,'A',25,1,47,NULL,11,'50','PA03','2017-12-15 13:49:48','2018-02-19 13:16:05',NULL),(57,'B',25,1,48,NULL,18,'40','PC07 e PA03','2017-12-15 13:49:48','2018-02-19 13:16:24',NULL),(58,'A',26,1,49,NULL,11,'50','PA05','2017-12-15 13:49:48','2018-02-19 13:16:43',NULL),(59,'B',26,1,50,NULL,18,'50','PA04','2017-12-15 13:49:49','2018-02-19 13:17:01',NULL),(60,'A',27,1,51,NULL,11,'45','PA04','2017-12-15 13:49:49','2018-02-19 13:17:23',NULL),(61,'B',27,1,52,NULL,18,'45','PA05','2017-12-15 13:49:49','2018-02-19 13:17:42',NULL),(62,'A',28,1,53,NULL,18,'40','PA02','2017-12-15 13:49:49','2018-02-19 13:18:03',NULL),(63,'A',29,1,54,NULL,6,'79','EQ12','2017-12-15 13:49:49','2018-02-22 11:37:10',NULL),(64,'B',29,1,54,NULL,23,'55','PA03 e PF06','2017-12-15 13:49:49','2018-02-19 13:18:47',NULL),(65,'C',29,1,55,NULL,8,'80','PA06','2017-12-15 13:49:50','2018-02-19 13:19:05',NULL),(66,'D',29,1,56,NULL,2,'100','PA07 e PA08','2017-12-15 13:49:50','2018-02-23 17:12:44',NULL),(67,'E',29,1,56,NULL,2,'90','PA09','2017-12-15 13:49:50','2018-02-23 17:12:25',NULL),(68,'Fc',29,1,57,NULL,25,'60','PF13 e PG01','2017-12-15 13:49:50','2018-02-19 13:20:03',NULL),(69,'G',29,1,58,NULL,65,'20','PA09','2017-12-15 13:49:50','2018-02-19 13:20:39',NULL),(70,'H',29,1,58,NULL,65,'35','2ª PA08 e 4ª PA03','2017-12-15 13:49:51','2018-02-22 11:41:24',NULL),(71,'Ic',29,1,59,NULL,35,'85','EQ11','2017-12-15 13:49:51','2018-02-19 13:21:27',NULL),(72,'A',30,1,60,NULL,8,'40','PA04','2017-12-15 13:49:51','2018-02-19 13:22:31',NULL),(73,'B',30,1,61,NULL,16,'50','PA05 e CT03','2017-12-15 13:49:51','2018-02-19 13:22:29',NULL),(74,'A',31,1,62,NULL,14,'42','PH01 e PA07','2017-12-15 13:49:51','2018-02-28 13:50:47',NULL),(75,'B',31,1,63,NULL,4,'55','PC07 e PA03','2017-12-15 13:49:51','2018-02-19 13:23:19',NULL),(76,'C',31,1,64,NULL,34,'70','PA08','2017-12-15 13:49:52','2018-02-19 13:23:46',NULL),(77,'D',31,1,65,NULL,9,'45','PC06 e CT17','2017-12-15 13:49:52','2018-03-06 19:48:00',NULL),(78,'E',31,1,66,NULL,13,'34','PA09 e PG01','2017-12-15 13:49:52','2018-03-02 17:09:13',NULL),(79,'A',32,1,67,NULL,40,'40','sala 5','2017-12-15 13:49:52','2018-02-19 14:10:47',NULL),(80,'B',32,1,68,NULL,40,'40','sala 6','2017-12-15 13:49:52','2018-02-19 14:10:59',NULL),(81,'C',32,1,69,NULL,4,'55','PA09 e PA01','2017-12-15 13:49:53','2018-02-19 13:37:27',NULL),(82,'D',32,1,70,NULL,13,'100','EQ11','2017-12-15 13:49:53','2018-02-28 13:46:18',NULL),(83,'E',32,1,70,NULL,40,'45','sala 5','2017-12-15 13:49:53','2018-02-19 14:11:20',NULL),(84,'F',32,1,71,NULL,40,'45','sala 6','2017-12-15 13:49:53','2018-02-19 14:11:30',NULL),(85,'A',33,1,72,NULL,14,'70','CT07 e PA07','2017-12-15 13:49:53','2018-02-19 14:12:29',NULL),(86,'A',34,1,73,NULL,14,'42','PC07 e PC06','2017-12-15 13:49:54','2018-02-19 14:12:51',NULL),(87,'B',34,1,74,NULL,9,'45','CT17','2017-12-15 13:49:54','2018-02-26 13:56:27',NULL),(88,'A',35,1,8,NULL,5,'60','PG07','2017-12-15 13:49:54','2018-02-22 11:12:55',NULL),(89,'B',35,1,8,NULL,22,'60','PM01','2017-12-15 13:49:54','2018-02-22 11:13:11',NULL),(90,'C',35,1,75,NULL,54,'60','PC04, PC05 e PC18','2017-12-15 13:49:55','2018-02-19 11:43:31',NULL),(91,'A',36,1,24,NULL,5,'60','PC04','2017-12-15 13:49:55','2018-02-19 12:40:33',NULL),(92,'B',36,1,24,NULL,22,'60','PM01','2017-12-15 13:49:55','2018-02-19 12:40:56',NULL),(93,'C',36,1,76,NULL,54,'60','PC05 e CT06','2017-12-15 13:49:55','2018-02-19 12:41:31',NULL),(94,'A',37,1,15,NULL,5,'65','PG04, PG15 e PA09','2017-12-15 13:49:55','2018-02-19 11:49:54',NULL),(95,'B',37,1,77,NULL,54,'60','CT07','2017-12-15 13:49:56','2018-02-19 11:50:37',NULL),(96,'A',38,1,78,NULL,22,'60','2ª e 6ª PA02, 4ª PA03','2017-12-15 13:49:56','2018-02-19 14:25:15',NULL),(97,'A',39,1,79,NULL,11,'90','PA08','2017-12-15 13:49:56','2018-02-19 14:25:33',NULL),(98,'B',39,1,80,NULL,18,'90','PA07','2017-12-15 13:49:56','2018-02-19 14:25:49',NULL),(99,'A',40,1,81,NULL,11,'90','PA07','2017-12-15 13:49:57','2018-02-19 14:26:08',NULL),(100,'B',40,1,82,NULL,18,'90','PA07','2017-12-15 13:49:57','2018-02-19 14:30:46',NULL),(101,'A',41,1,83,NULL,11,'90','PA07','2017-12-15 13:49:57','2018-02-19 14:33:42',NULL),(102,'B',41,1,84,NULL,18,'90','PA07','2017-12-15 13:49:57','2018-02-19 14:35:07',NULL),(103,'A',42,1,85,NULL,11,'90','PA07','2017-12-15 13:49:57','2018-02-19 14:35:46',NULL),(104,'B',42,1,86,NULL,18,'90','PA07','2017-12-15 13:49:58','2018-02-19 14:36:00',NULL),(105,'A',43,1,87,NULL,66,'30','PA06 e PC04','2017-12-15 13:49:58','2018-02-19 14:37:05',NULL),(106,'A',44,1,88,NULL,66,'30','PA03 e CT08','2017-12-15 13:49:58','2018-02-22 11:48:19',NULL),(107,'A',45,1,89,NULL,66,'30','CT04 e PC17','2017-12-15 13:49:58','2018-02-19 14:37:45',NULL),(108,'A',46,1,90,NULL,66,'30','PC06 e CT08','2017-12-15 13:49:58','2018-02-22 11:49:22',NULL),(109,'A',47,1,91,NULL,66,'30','PPGM','2017-12-15 13:49:58','2018-02-22 13:26:33',NULL),(110,'A',48,1,92,NULL,66,'30','PD04','2017-12-15 13:49:58','2018-02-19 14:39:27',NULL),(111,'A',49,1,93,NULL,66,'30','PPGM','2017-12-15 13:49:58','2018-02-22 13:26:51',NULL),(112,'A',50,1,94,NULL,66,'30','PC18','2017-12-15 13:49:59','2018-02-19 14:40:19',NULL),(113,'A',51,1,95,NULL,67,'30','','2017-12-15 13:49:59','2017-12-21 15:44:28',NULL),(114,'A',52,1,96,NULL,67,'30','','2017-12-15 13:49:59','2017-12-21 15:44:41',NULL),(115,'A',53,1,97,NULL,68,'30','','2017-12-15 13:49:59','2017-12-21 15:44:51',NULL),(116,'A',54,1,98,NULL,67,'30','','2017-12-15 13:49:59','2017-12-21 15:44:58',NULL),(117,'A',55,1,99,NULL,67,'30','','2017-12-15 13:50:00','2017-12-21 15:45:09',NULL);
/*!40000 ALTER TABLE `groups` ENABLE KEYS */;
UNLOCK TABLES;

--
-- Table structure for table `groups_schedules`
--

DROP TABLE IF EXISTS `groups_schedules`;
/*!40101 SET @saved_cs_client     = @@character_set_client */;
/*!40101 SET character_set_client = utf8 */;
CREATE TABLE `groups_schedules` (
  `group_id` int(11) DEFAULT NULL,
  `schedule_id` int(11) DEFAULT NULL,
  KEY `index_groups_schedules_on_schedule_id` (`schedule_id`),
  KEY `index_groups_schedules_on_group_id` (`group_id`),
  CONSTRAINT `fk_rails_865ba47a41` FOREIGN KEY (`group_id`) REFERENCES `groups` (`id`),
  CONSTRAINT `fk_rails_ab59e5ad41` FOREIGN KEY (`schedule_id`) REFERENCES `schedules` (`id`)
) ENGINE=InnoDB DEFAULT CHARSET=utf8;
/*!40101 SET character_set_client = @saved_cs_client */;

--
-- Dumping data for table `groups_schedules`
--

LOCK TABLES `groups_schedules` WRITE;
/*!40000 ALTER TABLE `groups_schedules` DISABLE KEYS */;
INSERT INTO `groups_schedules` VALUES (1,1),(1,2),(2,3),(2,4),(3,5),(3,6),(4,5),(4,6),(5,7),(6,9),(6,10),(7,11),(7,12),(8,13),(8,14),(9,15),(9,16),(9,17),(10,15),(10,16),(10,17),(11,3),(11,4),(11,18),(12,19),(12,20),(12,21),(13,22),(13,8),(13,12),(14,23),(14,24),(14,25),(15,26),(15,27),(16,15),(16,16),(16,21),(17,19),(17,20),(17,21),(18,19),(18,20),(18,21),(19,23),(19,24),(19,28),(20,29),(20,30),(21,31),(21,32),(22,31),(22,32),(23,23),(23,24),(24,11),(24,33),(25,29),(25,30),(26,11),(26,33),(27,15),(27,16),(28,15),(28,16),(29,1),(29,2),(30,1),(30,2),(31,1),(31,2),(32,5),(32,6),(33,5),(33,6),(34,13),(34,14),(35,13),(35,14),(36,7),(36,8),(37,34),(37,35),(38,34),(38,35),(38,21),(39,11),(39,33),(39,12),(40,31),(40,32),(41,36),(41,37),(42,5),(42,6),(43,19),(43,20),(44,29),(44,30),(46,22),(46,24),(47,34),(47,35),(48,5),(48,6),(49,34),(49,35),(50,34),(50,35),(52,36),(52,5),(52,6),(53,7),(53,25),(54,34),(54,35),(55,11),(55,33),(56,5),(56,6),(57,7),(57,25),(58,5),(58,6),(59,11),(59,33),(60,39),(61,40),(62,40),(63,15),(63,16),(64,15),(64,16),(65,29),(65,18),(66,4),(66,18),(67,4),(67,18),(68,41),(68,42),(69,19),(69,20),(70,19),(70,20),(71,11),(71,25),(72,3),(72,4),(73,7),(73,33),(74,16),(74,17),(75,2),(75,18),(76,43),(77,29),(77,44),(78,30),(78,21),(79,15),(79,30),(80,3),(80,2),(81,16),(81,17),(83,45),(83,46),(84,47),(84,10),(85,32),(85,48),(86,1),(86,2),(87,1),(87,21),(88,15),(88,16),(88,17),(89,15),(89,16),(89,17),(90,45),(90,8),(90,49),(91,1),(91,2),(92,1),(92,2),(93,11),(93,10),(94,19),(94,20),(94,21),(95,50),(95,51),(96,15),(96,16),(96,17),(97,37),(97,38),(98,8),(98,12),(99,19),(99,20),(99,21),(101,36),(101,35),(103,52),(103,6),(104,53),(104,25),(115,54),(115,55),(116,7),(116,33),(117,13),(117,14),(102,22),(45,7),(45,33),(100,23),(100,24),(100,28),(102,33),(51,34),(51,37),(51,38),(113,13),(113,14),(114,24),(114,33),(82,13),(82,14),(105,3),(105,4),(106,36),(106,37),(107,34),(107,35),(108,15),(108,16),(109,29),(109,30),(110,5),(110,6),(111,1),(111,2),(112,13),(112,14),(5,25);
/*!40000 ALTER TABLE `groups_schedules` ENABLE KEYS */;
UNLOCK TABLES;

--
-- Table structure for table `matters`
--

DROP TABLE IF EXISTS `matters`;
/*!40101 SET @saved_cs_client     = @@character_set_client */;
/*!40101 SET character_set_client = utf8 */;
CREATE TABLE `matters` (
  `id` int(11) NOT NULL AUTO_INCREMENT,
  `unite_matter_id` int(11) DEFAULT NULL,
  `actived` tinyint(1) NOT NULL DEFAULT '1',
  `name` varchar(255) DEFAULT NULL,
  `code` varchar(255) DEFAULT NULL,
  `kind` varchar(255) DEFAULT NULL,
  `prerequisite` varchar(255) DEFAULT 'Nenhum',
  `corequisite` varchar(255) DEFAULT 'Nenhum',
  `modality` varchar(255) DEFAULT NULL,
  `nature` varchar(255) DEFAULT NULL,
  `menu` text,
  `basic_bibliography` text,
  `bibliography` text,
  `annual_workload` int(11) DEFAULT '0',
  `semester_workload` int(11) DEFAULT '0',
  `modular_workload` int(11) DEFAULT '0',
  `weekly_workload` int(11) DEFAULT '0',
  `pd` int(11) DEFAULT '0',
  `lc` int(11) DEFAULT '0',
  `cp` int(11) DEFAULT '0',
  `es` int(11) DEFAULT '0',
  `or` int(11) DEFAULT '0',
  `created_at` datetime NOT NULL,
  `updated_at` datetime NOT NULL,
  PRIMARY KEY (`id`),
  KEY `index_matters_on_unite_matter_id` (`unite_matter_id`),
  CONSTRAINT `fk_rails_340029cb9f` FOREIGN KEY (`unite_matter_id`) REFERENCES `unite_matters` (`id`)
) ENGINE=InnoDB AUTO_INCREMENT=56 DEFAULT CHARSET=utf8;
/*!40101 SET character_set_client = @saved_cs_client */;

--
-- Dumping data for table `matters`
--

LOCK TABLES `matters` WRITE;
/*!40000 ALTER TABLE `matters` DISABLE KEYS */;
INSERT INTO `matters` VALUES (1,NULL,1,'Álgebra Linear','CM005','Presencial','Nenhum','Nenhum','Presencial','Obrigatória','Matrizes e equações lineares. Espaços vetoriais. Transformações lineares. Operadores e matrizes diagonalizáveis. Espaços com produto interno. Operadores sobre espaços com produto interno. Cônicas. Quádricas.','DAVID, C. I. - Álgebra Linear e suas Aplicações, Livros Técnicos e Científicos Editora.\n    STEVEN, I. L. - Álgebra Linear com Aplicações, LTC, RJ, 1999.\n    BOLDRINI et al - Álgebra Linear, Harbra.\n    LIMA, E. I - Álgebra Linear, Col. Matemática Universitária. IMPA, CNPq, RJ, 1996.',NULL,0,60,0,0,0,0,0,0,0,'2017-12-15 13:49:34','2018-01-31 14:30:27'),(2,NULL,1,'Topicos de Logica e Fundamentos Da Matematica I','CM040','Presencial','Nenhum','Nenhum','Presencial','Obrigatória','Ementa variável, focalizando tópicos e fundamentos da matemática I. Abordagem de temas tais como: computabilidade e funções recursivas, análise não-standart, álgebra universal e outros.','LOVASZ, PELIKAN, VESZETERGOMBI, Matemática Discreta, IMPA, J.J. Rotman, An introduction to abtract algebra.',NULL,0,60,0,0,0,0,0,0,0,'2017-12-15 13:49:37','2018-01-31 14:30:27'),(3,2,1,'Cálculo I','CM041','Presencial','Nenhum','Nenhum','Presencial','Obrigatória','Função real de uma variável. Derivadas. Integrais. Introdução às equações diferenciais. Tópicos de Cálculo.','GUIDORIZZI, H. L. - Um Curso de Cálculo, vol. 1, Editora LTC, RJ.\n    LEITHOLD, L. - O Cálculo com Geometria Analítica, v.1, Harbra, RJ\n    SWOKOWSKI, E. - Cálculo com Geometria Analítica, v.1 e 2. Makron, SP.',NULL,0,90,0,0,0,0,0,0,0,'2017-12-15 13:49:37','2018-01-31 14:30:27'),(4,3,1,'Cálculo II','CM042','Presencial','Nenhum','Nenhum','Presencial','Obrigatória','Funções vetoriais de uma variável real. Cálculo diferencial de funções de mais de uma variável. Integração múltipla. Cálculo vetorial. Teoremas de Green, Gauss e Stokes. Tópicos de Cálculo.','GUIDORIZZI, H. L. - Um Curso de Cálculo, vol. 1, Editora LTC, RJ.\n    LEITHOLD, L. - O Cálculo com Geometria Analítica, v.2, Harbra, RJ\n    SWOKOWSKI, E. - Cálculo com Geometria Analítica, v.2, Makron, SP.',NULL,0,90,0,0,0,0,0,0,0,'2017-12-15 13:49:39','2018-01-31 14:30:27'),(5,NULL,1,'Calculo III','CM043','Presencial','CM042 + CM005','Nenhum','Presencial','Obrigatória','Séries numéricas e de potências. Equações diferenciais ordinárias. Transformada de Laplace. Tópicos de Cálculo.','BOYCE, W.E. e DI PRIMA, R.C. - Equações Diferenciais Elementares e Problemas de Valores de Contorno, LTC, RJ.\n    BRONSON, R. - Equações Diferenciais. McGraw-Hill.\n    KREYSZIG, E. - Matemática Superior, v.1 - LTC, RJ.\n    SPIEGEL, M. - Transformada de Laplace. McGraw-Hill.',NULL,0,60,0,0,0,0,0,0,0,'2017-12-15 13:49:40','2018-01-31 14:30:27'),(6,NULL,1,'Calculo IV','CM044','Presencial','CM043','Nenhum','Presencial','Obrigatória','Funções de variável complexa. Séries de integrais de Fourier. Equações diferenciais parciais. Tópicos de Cálculo.','BOYCE, W.E. e DI PRIMA, R.C. - Equações Diferenciais Elementares e Problemas de Valores de Contorno, LTC, RJ.\n    KREYSZIG, E. - Matemática Superior, v.1 - LTC, RJ.',NULL,0,60,0,0,0,0,0,0,0,'2017-12-15 13:49:41','2018-01-31 14:30:27'),(7,1,1,'Geometria Analítica','CM045','Presencial','Nenhum','Nenhum','Presencial','Obrigatória','Vetores no plano e no espaço. Retas e planos no espaço com coordenadas cartesianas. Translação e rotação de eixos. Curvas no plano. Superfícies. Outros sistemas de coordenadas.','BOULOS, P. e CAMARGO, I. - Geometria Analítica: um tratamento vetorial. McGraw-Hill, SP.\n    STEIBRUCH, A. e WINTERLE, P. - Geometria Analítica, McGraw-Hill.',NULL,0,60,0,0,0,0,0,0,0,'2017-12-15 13:49:41','2018-01-31 14:30:27'),(8,NULL,1,'Introducao a Algebra','CM046','Presencial','Nenhum','Nenhum','Presencial','Obrigatória','Operações binárias; Noções de Grupos; Anéis.','DOMINGUES, H. e IEZZI, G. - Álgebra Moderna Ed. Atual.\n    COUTINHO, S. - Números Inteiros e Criptografia RSA. Ed. SBM.\n    GONÇALVES, A. - Introdução à Álgebra. Projeto Euclides.',NULL,0,60,0,0,0,0,0,0,0,'2017-12-15 13:49:43','2018-01-31 14:30:28'),(9,NULL,1,'Calculo II','CM048','Presencial','Nenhum','Nenhum','Presencial','Obrigatória','Funções de várias variáveis reais. Limite e continuidade. Diferenciabilidade. Derivadas de ordem superior. Máximos e mínimos. Aplicações.','GUIDORIZZI, H.L. - Um curso de Cálculo, vol.2, LTC Editora, 5ª edição, 2001.\n    BORTOLOSSI, H.J. - Cálculo Diferencial a várias variáveis: uma introdução à teoria de Otimização. Edições Loyola, 2003.',NULL,0,90,0,0,0,0,0,0,0,'2017-12-15 13:49:43','2018-01-31 14:30:28'),(10,NULL,1,'Algebra Linear II','CM053','Presencial','Nenhum','Nenhum','Presencial','Obrigatória','Produto interno real e complexo. Forma Racional e de Jordan. Formas bilineares e formas quadráticas.','HOFFMAN, K. & KUNZE, R. - Álgebra Linear, Edusp, Polígono, São Paulo.\n    GELFAND, I.M. Lectures on Linear Algebra, Interscience, New York, 1961.\n    BOLDRINO et alii, Álgebra Linear',NULL,0,60,0,0,0,0,0,0,0,'2017-12-15 13:49:44','2018-01-31 14:30:28'),(11,NULL,1,'Variaveis Complexas','CM068','Presencial','CM048 ou CM042','Nenhum','Presencial','Obrigatória','Números complexos. Funções analíticas complexas, Equações de Cauchy-Riemann. Integração Complexa. Fórmula integral de Cauchy. Teoremas de Liouville, de Morera. Teorema dos Resíduos. Séries de Taylor e de Laurent. Aplicações.','KREIDER, P. - Introdução à análies linear, 1972.\n    CHURCHILL, R. V. - Variáveis Complexas e suas aplicações, Edusp, 1975.\n    CONWAY, J. B. - Functions of one complex variable, 2nd ed., Springer, 1978.',NULL,0,60,0,0,0,0,0,0,0,'2017-12-15 13:49:44','2018-01-31 14:30:28'),(12,NULL,1,'Introducao a Geometria Diferencial','CM077','Presencial','Nenhum','Nenhum','Presencial','Obrigatória','Curvas, parametrização pelo comprimento de arco, triedro de Frenet-Serrat. Superfícies regulares, funções diferenciáveis, plano tangente. Orientação de superfícies. Primeira e Segunda formas fundamentais. Aplicação normal de Gauss e campos de Vetores. O Teorema \'Egregium\' de Gauss. Transporte paralelo e geodésicas. Aplicação exponencial e coordenadas geodésicas. O Teorema de Gauss-Bonet.','VALLADARES, R. - Introdução à Geometria Diferencial.\n    CARMO, Manfredo P. - Geometria Diferencial.\n    TENEMBLAT, Ketty, Introdução à Geometria Diferencial.',NULL,0,60,0,0,0,0,0,0,0,'2017-12-15 13:49:44','2018-01-31 14:30:28'),(13,NULL,1,'Introducao a Topologia','CM078','Presencial','Nenhum','Nenhum','Presencial','Obrigatória','Equações e inequações. Funções. Funções polinomiais. Funções exponencial, logarítmica e trigonométricas. Funções racionais. Gráfico de funções. Noções de limite e de sequências.','ÁVILA, G. - Introdução à Análise Matemática, Editora Edgard Blucher Ltda., 1993.\n    CARNEIRO, V. C. - Funções Elementares, Editora da UFPR - 1993.\n    FLEMMING, D. M. & GONÇALVES, M. B. - Cálculo A, Makron Books 1992.\n    GUIDORIZZI, H. L. - Um Curso de Cálculo, Livros Técnicos e Científicos, 1987.\n    HOFMANN, L. D. - Cálculo - Um curso moderno e suas aplicações, vol. 1, Editora LTC.\n    IEZZI, G. E outros - Fundamentos da Matemática Elementar, Atual Editora.\n    LAGES LIMA, E. E outros - A matemática do Ensino Médio, vol.1 e 3, Coleção do Professor de Matemática.\n    MACHADO, N. L, ANTUNES, F. C., TROTTA, F. - Matemática por assunto, vol.1, 3 e 8, Editora Scipione.\n    MONTEIRO, L. H. J. - Iniciação às Estruturas Algébricas, G. E. E. M., São Paulo.\n    SIMMONS, G. F. - Cálculo com Geometria Analítica, McGraw-Hill, 1985.\n    SOUZA, J. C. M. & LOPES, M. L. M. & CARVALHO, M. S. - Fundamentação da Matemática Elementar, Editora Campus, RJ.\n    SPIVACK, M. - Calculus. Publish or Perish, Houston, 1994.\n    ZILL, D. - DOWAR, J. - Basic Mathematics for Calculus, McGraw-Hill, New York, 1994.\n    Revista do Professor de Matemática - todos os números, SBM.',NULL,0,90,0,0,0,0,0,0,0,'2017-12-15 13:49:45','2018-01-31 14:30:28'),(14,NULL,1,'Introducao Ao Calculo Variacional','CM081','Presencial','Nenhum','Nenhum','Presencial','Obrigatória','Funcionais, variação e suas propriedades. Formalismo Langreangeano, extremos de funcionais e as equações de Euler-Lagrange. Leis de conservação. Formalismo canônico, extremos e as equações de Hamilton-Jacobi. Transformações de Legendre e a relação entre a Langrangeana e a Hamiltoneana. Teoremas de Liouville e Poincaré. Aplicações.','BRUCE VAN BRUNT, Calculus of Variations, Springer-Verlag, 2004.\n    M. GELFANG, S. V. FOMIN, Calculus of Variations, Prentice-Hall, Inc. 1963.\n    L.E ELSGOLC, Calculus of Variations, Pergamon Press, 1961.\n    M. L. KRASNOV, G. L. MAKARENKO, A. L. KISELEV, Problems and exercises in the Calculus of Variations, Mir Publishers, 1975.\n    WEINSTOCK, ROBERT, Calculus of Variations with Applications to Physics and Engeneering, McGraw-Hill, 1987.\n    KOMZSIK, LUIS, Applied Calculus of Variations for Engeneers, CRC Press, 2009.',NULL,0,60,0,0,0,0,0,0,0,'2017-12-15 13:49:45','2018-01-31 14:30:28'),(15,NULL,1,'Análise Numérica I','CM096','Presencial','CM095','Nenhum','Presencial','Obrigatória','Equações não lineares. Aritmética de ponto-flutuante. Equações lineares. Interpolação polinomial. Integração numérica.','STEWART, G. W. - Afternotes on Numerical Analysis, SIAM, 1996.\n    RALSTON, A., RABINOWITZ, P. - A First Course in Numerical Analysis, 2nd ed., Dover, 1978.\n    BURDENS, R. L., FAIURES, J. D. - Numerical Analysis, Brooks/Cole, 6th ed., 1997.',NULL,0,60,0,0,0,0,0,0,0,'2017-12-15 13:49:45','2018-01-31 14:30:28'),(16,NULL,1,'Análise Numérica III','CM098','Presencial','CM043+CM096','Nenhum','Presencial','Obrigatória','Métodos de passo simples para o problema de valor inicial. Métodos de passo múltiplo para o problema de valor inicial. Controle de passo. Métodos para o problema de valor de contorno. Tópicos em métodos para equações diferenciais ordinárias.','KINCAID, D., CHENEY E. W. - Numerical Analysis: Mathematics of Scientific Computing, 3nd ed., American Mathematical Society, 2009.\n    GOLUB, G., ORTEGA, J. - Scientific computing and differential equations, Academic Press, 1992.\n    BURDENS, R. L., FAIRES, J. D. - Análise Numérica, 8th ed., Cengage Learning, 2008.\n    KINCAID, D., CHENEY E. W. - Numerical Mathematics and Computing, 6th ed., Thomson Brooks/Cole, 2008.',NULL,0,60,0,0,0,0,0,0,0,'2017-12-15 13:49:45','2018-01-31 14:30:28'),(17,NULL,1,'Introdução às Equções Diferenciais Parciais','CM102','Presencial','Nenhum','Nenhum','Presencial','Obrigatória','Introdução às equações diferenciais parciais. Método de separação de variáveis. Separação de variáveis em geometrias cilíndrica e esférica. Aplicações.','ARFKEN, G. B., WEBER, H. - Mathematical Methods for Physicists, 5th ed., Academic Press, 2000.\n    BUTKOV, E. - Física Matemática, Ed. Guanabara, RJ 1978.\n    DYKE, P. P. G., An Introduction to Laplace Transforms and Fourier Series, Springer Undergraduate Mathematics Series, Springer-Verlag, UK, 2001(3rd ed., 2004).\n    Edmundo Capelas de Oliveira e Matin Tygel - Métodos Motamáticos para Engenharia, SBM, RJ, 2005.\n    FIGUEIREDO, D. G. - Análise de Fourier e Equalçoes Diferenciais Parciais, Projeto Euclides, IMPA, 1977.\n    JONES, D. S & SLEEMAN, B. D. - Differential Equations and Mathematical Biology.\n    MYINT-U, T. - Partial differential equations of Mathematical Physics, Elsevier, 1986.\n    Valéria Iório - EDP um curso de graduação, IMPA, RJ, 2010.\n    Willian E. Boyce e Richard C. DiPrima - Equações Diferenciais Elementares e Problemas de Contorno, 8a ed., LTC, RJ, 2006.',NULL,0,60,0,0,0,0,0,0,0,'2017-12-15 13:49:46','2018-01-31 14:30:28'),(18,NULL,1,'Métodos de Matemática Aplicada I','CM104','Presencial','CM043','Nenhum','Presencial','Obrigatória','Revisão de equações diferenciais ordinárias, lineares de sefybda irden, Sikylçai oir speruesm pontos singulares, método de Frobenius. Funções especiais. Séries de funções ortogonais. Problemas de autovalor.','E.BUTKOV - Análise de Fourier e Equações Diferenciais Parciais, 4a ed., Projeto Euclides, IMPA 2003.\n    E.C.OLIVEIRA, M.TYGEL - Métodos Matemáticos para Engenharia, SBMAC, 2001.\n    G.B.ARFKEN, H.WEBER - Mathematical Methods for Physicists, 5a ed., Academic-Press, 2000.\n    M.R.SPIEGEL - Theory and problems of Fourier analysis, McGraw-Hill, 1974.',NULL,0,60,0,0,0,0,0,0,0,'2017-12-15 13:49:46','2018-01-31 14:30:28'),(19,NULL,1,'Otimização I','CM106','Presencial','CM042 + CM005','Nenhum','Presencial','Obrigatória','O problema de programação não-linear. Condições de otimalidade para o problema de minimização sem restrições. Convexidade. Os métodos clássicos de descida: Gradiente, Newton, Quase-Newton e Gradiente Conjugado. Condições de otimalidade para o problema de minimização com restrições lineares. Método do Gradiente Projetado. Método das restrições ativas.','RIBEIRO, A. A. e KARAS, E. W. - Um curso de otimização.\n    FRIEDLANDER, A. - Elementos de programação não-linear, Editora da Unicamp, 1994.\n    LUENBERGER, D. G. - Linear and nonlinear programming, Addison-Wesley, 1989.\n    IZMAILOV, A. SOLODOV, M. - Otimização, vol.1 2009 e vol.2 2007, IMPA.',NULL,0,60,0,0,0,0,0,0,0,'2017-12-15 13:49:46','2018-01-31 14:30:28'),(20,NULL,1,'Análise II','CM111','Presencial','CM095','Nenhum','Presencial','Obrigatória','Integral de Riemann: teorema fundamental do cálculo, mudança de variáveis. Teoremas do valor médio para integrais. Integrais impróprias. Sequências e séries de funções. Funções analíticas reais. Teorema da aproximação de Weierstrass. Teorema de Arzelà-Ascoli.','T.APOSTOL - Mathematical Analysis. Addison Wesley Pub, Co. 1974.\n    E.L.LIMA - Curso de Análise, vol.1. Projeto Euclides, IMPA.\n    W.RUDIN - Principles of Mathematical Analysis. 3a. Ed. McGraw-Hill, 1976.',NULL,0,60,0,0,0,0,0,0,0,'2017-12-15 13:49:46','2018-01-31 14:30:28'),(21,NULL,1,'Funções','CM118','Presencial','Nenhum','Nenhum','Presencial','Obrigatória','Ementa...',NULL,NULL,0,0,0,0,0,0,0,0,0,'2017-12-15 13:49:46','2017-12-15 13:49:46'),(22,NULL,1,'Geometria Analítica','CM119','Presencial','Nenhum','Nenhum','Presencial','Obrigatória','Retas e pontos no plano com coordenadas cartesianas. Vetores no plano e no espaço. Retas e planos no espaço com coordenadas cartesianas. Translação e rotação de eixos. Curvas no plano. Superfícies. Outros sistemas de coordenadas.','BOULOS, P. CAMARGO, I. - Geometria Analítica: um tramamentos vetorial, McGraw-Hill, SP.\n    LAGES LIMA, E. - Coordenadas no Plano, 2ª edição, Coleção do Professor de Matemática.\n    LAGES LIMA, E. - Coordenadas no Espaço, Coleção do Professor de Matemática.\n    LAGES LIMA, E. - A matemática no Ensino Médio, vol. 3, Coleção do Professor de Matemática.\n    STEINBRUCH, A., WiNFERLE, P. - Geometria Analítica, McGraw-Hill\n    WINTERLE, P. - Vetores e Geometria Analítica, Makron Books, 2000.',NULL,0,90,0,0,0,0,0,0,0,'2017-12-15 13:49:47','2018-01-31 14:30:28'),(23,NULL,1,'Equações Diferenciais e Aplicações','CM121','Presencial','Nenhum','Nenhum','Presencial','Obrigatória','Apliações das equações diferenciais de primeira e segunda ordem. Algumas aplicações de equações não lineares. Sistemas de equações diferenciais.','W.E.BOYCE, ET AL - Equações diferenciais elementares e problemas de valores de contorno. Ed.LTC, 2001.\n    E.KREYSZIG - Advanced Engineering Mathematics, Ed. John Wiley & Sons, 1999.\n    D.G.FIGUEIREDO, ET AL. - Equações Diferenciais Aplicadas. Ed. IMPA, 1997.\n    C.M.BENDER, ET AL. - Advanced Mathematical Methods for Scientists and Engineers. Ed. McGraw-Hill, 1978.',NULL,0,60,0,0,0,0,0,0,0,'2017-12-15 13:49:47','2018-01-31 14:30:28'),(24,NULL,1,'Fundamentos de Análise','CM122','Presencial','Nenhum','Nenhum','Presencial','Obrigatória','Princípios da indução finita e da boa ordenação, construção dos números naturais e inteiros. Relações de Equivalência. Supremo e ínfimo. Racionais e reais, sequências e séries de números reais, expansão decimal. Funções Contínuas.','G. ÁVILA - Introdução à análise matemática. Editora Edgard Blucher, 1999.\n    G. ÁVILA - Análise matemática para licensiatura, Editora Edgard Blucher, 2006.\n    R.G. BARTLE and D.R. SHERBERT - Introduction to real Analysis. John Wiley & Sons, 2000.\n    D.G.FIGUEIREDO - Análise I. Editora LTC, 1996.\n    E.L. LIMA - Análise real. Coleção Matemática Universitária, IMPA, 1989.',NULL,0,60,0,0,0,0,0,0,0,'2017-12-15 13:49:47','2018-01-31 14:30:28'),(25,NULL,1,'Teoria de Números','CM124','Presencial','Nenhum','Nenhum','Presencial','Obrigatória','Apresentação Axiomática dos inteiros. Divisibilidade. Congruências. Números algébricos e transcendentes. Representações decimais finitas e infinitas. Aplicações.','DOMINGUES, H. H. - Fundamentos de Aritmética. Editora Atual.\n    HEFEZ, A. - Elementos de Aritmética. Editora da Sociedade Brasileira de Matemática.',NULL,0,60,0,0,0,0,0,0,0,'2017-12-15 13:49:48','2018-01-31 14:30:28'),(26,NULL,1,'Teoria de Grupos','CM126','Presencial','Nenhum','Nenhum','Presencial','Obrigatória','Grupos, subgrupos e homomorfismos. Grupos de permutações. Grupos abelianos finitamente gerados. Ações de grupos e aplicações à contagem. Extensões algébricas. Grupo de Galois de uma extensão. Correspondência de Galois e suas aplicações. Grupos solúveis Resolubilidade de equações por radicais. Aplicações.','Adilson Gonçalves - Introdução à Álgebra. Projeto Euclides, RJ, IMPA, 1979.\n    Arnaldo Garcia e Yves Lequain - Álgebra: um curso de introdução. Projeto Euclides, RJ, IMPA, 1988.\n    John Fraleigh - A First Course in Abstract Agebra, USA: Addison-Wesley Pub. Comp., 1994.',NULL,0,60,0,0,0,0,0,0,0,'2017-12-15 13:49:48','2018-01-31 14:30:28'),(27,NULL,1,'Matemática No Ensino Médio','CM133','Presencial','Nenhum','Nenhum','Presencial','Obrigatória','Conteúdos do ensino médio e sua relação com a matemática do ensino superior. Pensamento algébrico, geométrico, analítico e probabilístico em situações de ensino. Planejamento e simulação de aulas.','Almouloud, Saddo Ag. - Fundamentos da didática da matemática, Curitiba, Editora UFPR.\n    BRASIL, Parametro curricular nacional ensino médio, Parte III Ciencias da Naturea e Matemática e suas tecnologias, 2000. Disponível em: http://portal.mec.gov.br/seb/arquivos/pdf/ciencian.pdf\n    COXFORD, A., SHULTE, A. - As idéias da álgebra. Traduzido por Hygino H. Domingues. SP, Atual, 1995.\n    FIORENTINI, Dario. MIORIM, Maria Ângela. MIGUEL, Antonio - Contribuição para um Repensar... a Educação Algébrica Elementar. Pro-Posições, v. 4, nº 1[10], p. 78-91, 1993.',NULL,0,60,0,0,0,0,0,0,0,'2017-12-15 13:49:49','2018-01-31 14:30:29'),(28,NULL,1,'Tópicos de História Da Matemática I','CM142','Presencial','Nenhum','Nenhum','Presencial','Obrigatória','Ementa variável, focalizando tópicos de História da Matemática.','CIRCE MARY SILVA DA SILVA - No paraíso dos símbolos: surgimento da Lógica e Teoria dos Conjuntos no Brasil. In: Filosofia, Lógica e Existência (Luiz Carlos Bombassaro e Jayme Paviani, Org.). Caxias do Sul: EDUCS, 1997, p.141-168.\n    GILLES GASTON GRANGER - Os imaginários. In:O irracional (cap.2), SP: Ed. UNESP, 2002, p.53-81.\n    HERBERT MEHRTENS, HENK BOS E IVO SCHNEIDER. Social History of Nineteenth Century Mathematics. Boston: Birkhauser, 1981.\n    HOWARD EVES - Geometria no euclidiana, In: Estudio de las Geometrías, vol I (Cap. VII). México: UTEHA, 1969, p.319-359.\n    HOWARD EVES - Fundamentos de la geometria. In: Estudio de las Geometrías, vol I (Cap. VIII). México: UTEHA, 1969, p.360-421.\n    HOWARD EVES. La geometría y la teoría de grupos. In: Estudio de las Geometrías, vol I (Cap. VIII). México: UTEHA, 1969, p.130-164.\n    Jean Dieudonné - A Formação da Matemátiac Contemporânea. Lisboa: Pub. Dom Quixote, 1990.\n    JEREMY GRAY - The nineteenth-century revolution in mathematical ontology. In: Revolutions in Mathematics (D. Gillies Ed.) Oxford: Oxford Univ Press, 1995, p.226-248.\n    JOÃO CARLOS GILLI MARTINS. Sobre Revoluções Científicas na Matemática. Tese de Doutorado. Rio Claro: UNESP, 2005\n    JOSÉ SOUZA PINTO. O Cálculo e os Infinitésimos. In: Métodos infinitesimais de Análise Matemática (Apêndice A). Lisboa: Fund. Calouste Gulbenkian, 2000, p.335-348.\n    LUCAS BUNT, PHILLIP JONES E JACK BEDIENT - The Historical Roots of Elementary Mathematics. New York: Dover Pub, 1976.\n    WILLIAM DUNHAM - La no enumerabilidad del continuum. In: Viaje através de los Gênios (Cap.11). Madri: Ed. Pirámide, 1993, p.311-337\n    WILLIAM DUNHAM - Cantor y el reino de lo transfinito. In: Viaje através de los Gênios (Cap. 12) Madri: Ed. Pirámide, 1993, p.338-358',NULL,0,60,0,0,0,0,0,0,0,'2017-12-15 13:49:49','2018-01-31 14:30:29'),(29,NULL,1,'Calculo Diferencial e Integral I','CM201','Presencial','Nenhum','Nenhum','Presencial','Obrigatória','Funções. Derivadas. Aplicações do cálculo diferencial. Integrais. Séries.','GUIDORIZZI, H. L. - Curso de Cálculo, vol. 1, LTC.\n    SPIVAK, M. - Cálculus210',NULL,0,60,0,0,0,0,0,0,0,'2017-12-15 13:49:49','2018-01-31 14:30:29'),(30,NULL,1,'Calculo Diferencial e Integral II','CM202','Presencial','Nenhum','Nenhum','Presencial','Obrigatória','Noções elementares de topologia do Rn. Cálculo diferencial de funções de mais de uma variável. Noções elementares de equações diferenciais ordinárias.','GUIDORIZZI, H. L. - Um Curso de Cálculo, vol1 e 2, Ed. LTC, RJ.\n    LEITHOLD, L. - O Cálculo com Geometria Analítica, v.1 e 2, Harbra, RJ.\n    SWOKOWSKI, E. Cálculo com Geometria Analítica, v.1 e 2, Makron, SP.\n    LIMA, ELON L - Espaçoes Métricos, Projeto Euclides, IMPA.\n    RUDIN, W. - Principles of Mathematical Analysis, McGraw-Hill.',NULL,0,60,0,0,0,0,0,0,0,'2017-12-15 13:49:51','2018-01-31 14:30:29'),(31,NULL,1,'Introdução Ao Cálculo','CM300','Presencial','Nenhum','Nenhum','Presencial','Obrigatória','Números reais e expressões algébricas. Funções de uma variável real. Gráficos. Funções do primeiro e do segundo graus. Função raiz quadrada. Funções polinomiais. Funções exponenciais e logarítmicas. Funções trigonométricas. Derivadas e taxas de variação.','E. Connaly, D. Hughes-Hallet, A.M. Gleason, P.Cheifetz, P.F. Lock, K.R. Rhea e C.E. Swenson, Funções para Modelar Variações: Uma Preparação para o Cálculo, 3ª edição, LTC, SP, 2009.\n    D. Kennedy, G.D Foley e F. Demana, Pré-cálculo, 2ª edição, Pearson, SP, 2013.\n    J. Stewart - Cálculo. Vol 1, 7ª edição, Cengage Learning, SP, 2013.','V.Z. Medeiros, L.M.O. da Silva, M.A.S.C, Machado e A. Machado, Pré-cálculo, 3ª edição, Cengage Learning, São Paulo, 2013\n    A.A. Dornelles Filho, A.M Adami e M.M Lorandi, Pré-Cálculo, 1ª edição, Bookman, Porto Alegre, 2015.',0,60,0,0,4,0,0,0,0,'2017-12-15 13:49:51','2018-01-31 14:30:29'),(32,NULL,1,'Cálculo em Uma Variável Real','CM301','Presencial','Nenhum','Nenhum','Presencial','Obrigatória','Noções básicas de limite e continuidade. Noções de derivada e reta tangente. Regras básicas de derivação. Máximos e mínimos. Noções de integral e técnicas básicas de integração. Noções de equações diferenciais ordinárias.','HUGHES-HALLET, D. et al - Cálculo Aplicado, Ed. LTC, RJ, 2012.\n    HUGHES-HALLET, D. et al - Cálculo e Aplicações, Edgard Blucher, SP, 1999.\n    HUGHES-HALLET, D. et al - Cálculo a uma e várias variáveis, Ed. LTC, RJ, 2011.\n    SWOKOWSKI, E. - O cálculo com geometria analítica, vol. 1, 2ª ed., Makron Books, SP, 1995.','ANTON, H. - Cálculo: Um Novo Horizonte, vol.1 6ª ed., Porto Alegre, Bookman, 2000.\n    BATSCHELET, E. - Introdução à Matemática para Biocentristas, Interciência, RJ, 1978.\n    THOMAS, G. B. - Cálculo vol.1, 11ª ed., Pearson Addison Wesley, SP, 2009.\n    STEWART, J - Cálculo, vol.1, 6ª ed., SP, Cengage, 2010.',0,60,0,0,4,0,0,0,0,'2017-12-15 13:49:52','2018-01-31 14:30:29'),(33,NULL,1,'Cálculo em Várias Variáveis Reais','CM302','Presencial','CM301','Nenhum','Presencial','Obrigatória','Funções de duas e três variáveis reais a valores reais. Mudanças de Coordenadas. Noções de derivadas parciais, plano tangente e vetor gradiente. Máximos e mínimos.','HUGHES-HALLET, D. et al - Cálculo e Aplicações, Edgard Blucher, SP, 1999.\n    HUGHES-HALLET, D. et al - Cálculo a uma e várias variáveis, Ed. LTC, RJ, 2011.\n    SWOKOWSKI, E. - O cálculo com geometria analítica, vol. 1, 2ª ed., Makron Books, SP, 1995.','SIMMONS, G. F. - Cálculo com Geometria Analítica, vol. 2, McGraw-Hill, RJ, 1987.\n    STEWART, J - Cálculo, vol.2, SP, Cengage, 2010.',0,60,0,0,4,0,0,0,0,'2017-12-15 13:49:53','2018-01-31 14:30:29'),(34,NULL,1,'Introdução à Geometria Analítica e Álgebra Linear','CM303','Presencial','Nenhum','Nenhum','Presencial','Obrigatória','Sistemas lineares e matrizes. Vetores no plano e no espaço. Produto escalar e produto vetorial. Autovalores e Autovetores de matrizes. Mudanças de coordenadas. Cônicas no plano.','WINTERLE, P. - Vetores e Geometria Analítica, Makron Books, SP, 2000.\n    ANTON, H., RORRES, C. - Álgebra Linear com Aplicações, Bookman, Porto Alegre, 2012.\n    LEON, S. - Álgebra Linear: com Aplicações, 4a ed., LTC, RJ, 1999.','SANTOS, R. - Matrizes, Vetores e Geometria Analítica, BH, Imprensa da UFMG, 2010.\n    LIPSCHUTZ, S. - Álgebra Linear, 3ª ed, Makron Books, SP, 1994.\n    STEINBRUCH, A. e WINTERLE, P. - Álgebra Linear, 2ª ed., Unificado, Curitiba.\n    STRANG, G. - Introdução à Álgebra Linear, GEN, SP, 2013.\n    STEINBRUCH, A. e WINTERLE, P. - Introdução à Álgebra Linear, McGraw-Hill, SP, 1990.',0,60,0,0,4,0,0,0,0,'2017-12-15 13:49:54','2018-01-31 14:30:29'),(35,2,1,'Cálculo 1a','CMA111','Presencial','Nenhum','Nenhum','Presencial','Obrigatória','Função real de uma variável real. Limite e continuidade. Derivadas e reta tangente. Regras de derivação: linearidade, derivadas do produto e do quociente e Regra da Cadeia. Teorema do Valor Médio e a Fórmula de Taylor com Resto de Lagrange. Máximos e mínimos de funções. Primitivas. Integrais. Cálculo de área. Técnicas de integração. Função dada por uma integral e integrais impróprias. Aplicações. Tópicos de Cálculo.','GUIDORIZZI, H. L. - Um Curso de Cálculo, vol. 1 e 2, LTC, RJ.\n    STEWART, J. - Cálculo, vol. 1, Cengage Learning, SP.\n    LEITHOLD, L. - O Cálculo com Geometria Analítica, vol. 1, Harbra, RJ.','SIMMONS, G. F. - Cálculo com Geometria Analítica, vol. 2, McGraw-Hill, RJ, 1987.\n    APOSTOL. T. M. - Calculus, vol. 1, 2ª ed, John Wiley, New York, 1969.\n    SPIVAK, M. - Calculus, Addison Wesley, London, 1973.\n    ANTON, H. - Cálculo: um novo horizonte, vol. 1, Bookman, Porto Alegre, 2000.\n    BOULOS, P. e ABUD, Z. I. - Cálculo Diferencial e Integral, vol. 1, Makron Books, SP, 1999.\n    EDWARDS, C. H. e PENNEY, D. E. - Cálculo com geometria analítica, vol. 1, Prentice-Hall, SP, 1997.\n    SWOKOWSKI, E. - O Cálculo com geometria analítica, vol. 1, Makron Books, SP.\n    THOMAS, G. B. - Cálculo, vol. 1, 10ª ed., Pearson Addison Wesley, SP, 2002.',0,90,0,0,6,0,0,0,0,'2017-12-15 13:49:54','2018-01-31 14:30:29'),(36,1,1,'Geometria Analítica','CMA112','Presencial','Nenhum','Nenhum','Presencial','Obrigatória','Conceito geométrico de valor. Sistemas de coordenadas em R2 e R3. Produto escalar em R2 e R3. Produtos vetorial e misto no R3. Retas no plano e no espaço. Planos no espaço. Posições relativas entre retas e planos. Distâncias. Curgvas no plano (cônicas) e no espaço, parametrização de curvas. Superfícies no espaço (quádrivas), parametrização de superfícies. Aplicações.','WINTERLE, P. - Vetores e Geometria Analítica, Makron Books, SP, 2000.\n    STEINBRUCH, A. e WINTERLE, P. - Geometria Analítica, McGraw-Hill, SP, 1987.\n    BOULOS, P. e CAMARGO, I. - Geometria Analítica: Um Tratamento Vetorial, 3ª ed., Pearson Prentice Hall, SP 2005.','PITOMBEIRA DE CARVALHO, J. - Vetores, Geometria Analítica e Álgebra Vetorial: Um Tratamento Moderno, Ao Livro Técnico, RJ, 1975.\n    VENTURI, J. J. - Álgebra Vetorial e Geometria Analítica, 9ª ed., Unificado, Curitiba, 2001.\n    VENTURI, J. J. - Cônicas e Quádricas, 5ª ed., Unificado, Curitiba, 2003.\n    GUIDORIZZI, H. L. - Um curso de cálculo, vols. 1 e 2, LTC, RJ.',0,60,0,0,4,0,0,0,0,'2017-12-15 13:49:55','2018-01-31 14:30:29'),(37,3,1,'Cálculo 2a','CMA211','Presencial','CMA111','Nenhum','Presencial','Obrigatória','O Espaço Rn. Função de uma variável real a valores vetoriais: limite, continuidade, derivação e integração. FUnção de várias variáveis reais a valores reais. Limite, continuidade e derivadas parciais. Diferenciabilidade, plano tangente e o vetor gradiente. Regra da Cadeira, gradiente e derivadas de ordens superiores. Teorema do Valor Médio e Fórmula de Taylor com Resto de Lagrange (para função de várias variáveis). Máximos, mínimos e o Método dos Mulplicadores de Lagrange. Integral dupla e Teorema de Fubini. Mudança de variáveis na integral dupla. Cálculo de volumes, área de superfície e integral de superfície. Integral tripla. Mudança de variáveis na integral tripla. Aplicações. Função de várias variáveis reais a valores vetoriais. Integral de linha. Campo conservativo e forma diferencial exata. Cálculo vetorial e os Teoremas de Green, da Divergência (Gauss) e de Stokes. Tópicos de cálculo.','GUIDORIZZI, H. L - Um curso de cálculo, vols 2 e 3, LTC, RJ.\n    STEWART, J. - Cálculo, vol. 2, Cengage Learning, SP, 2010.\n    LEITHOLD, J. - O cálculo com geometria analítica, vol. 2, Harbra, RJ.','SIMMONS, G. F. - Cálculo com Geometria Analítica, vol. 2, McGraw-Hill, RJ, 1987.\n    APOSTOL, T. M - Calculus, vol. 2, 2ed, John Wiley, New York, 1969.\n    SIMMONS, G. F. - Cálculo com Geometria Analítica, vol. 2, McGraw-Hill, RJ, 1987.\n    ANTON, H. - Cálculo um novo horizonte, vol. 2, Bookman, Porto Alegre, 2000.\n    THOMAS, G. B. - Cálculo, vol. 2, 10ed., Pearson Addison Wesley, SP, 2002.\n    SWOKOWSKI, e. - O cálculo com geometria analítica, vol. 2, Makron Books, SP, 2000.\n    BOULOS, P. e ABUD, Z. I. - Cálculo Diferencial e Integral, vol. 2, Makron Books, SP, 2000.\n    EDWARDS, C. H. e PENNEY, D. E. - Cálculo com Geometria Analítica, vol. 2, Prentice-Hall, SP, 1997.',0,90,0,0,6,0,0,0,0,'2017-12-15 13:49:55','2018-01-31 14:30:29'),(38,NULL,1,'Cálculo 3a','CMA311','Presencial','CMA111','Nenhum','Presencial','Obrigatória','Definição de equações diferenciais. Equações diferenciais ordinárias de 1a ordem. Equações diferenciais ordinárias de 2a ordem e de ordens superiores. Transformada de Laplace. Sistemas de equações diferenciais de 1a ordem: análises quantitativa e qualitativa. Soluções por séries de potências para equações diferenciais ordinárias. A Série de Fourier. Introdução as equações diferenciais parciais via séries de Fourier e método da separação de ariáveis: equações unidimensionais da onda e do calor. Tópicos de cálculo.','KREYSZIG, E. - Matemática Superior, vols 1 e 2, 9a ed, LTC, RJ, 2009.\n    BOYCE, W. E. e DI PRIMA, R. C. - Equações Diferenciais Elementares e Problemas de Valores de Contorno, 8a ed., LTC, RJ, 2010.\n    SIMMONS, G. F. e KRANTZ, S. G. - Equações Diferenciais: Teoria, Técnica e Prática, McGraw-Hill, SP, 2008.','KREYSZIG, E. - Advanced Engineering Mathematics, 9th ed., John Wiley & Sons, 2006.\n    ZILL, D. e CULLEN, M. R. - Equações Diferenciais, 3a ed., Pearson, SP, 2001.\n    ZILL, D. - Equações Diferenciais com Aplicações em Modelagem, 1a ed., Cengage Learning, SP, 2009.',0,90,0,0,6,0,0,0,0,'2017-12-15 13:49:56','2018-01-31 14:30:29'),(39,NULL,1,'Fundamentos Da Matemática Elementar 1','CMM011','Presencial','Nenhum','Nenhum','Presencial','Obrigatória','Ementa...',NULL,NULL,0,0,0,0,0,0,0,0,0,'2017-12-15 13:49:56','2017-12-15 13:49:56'),(40,NULL,1,'Funções','CMM012','Presencial','Nenhum','Nenhum','Presencial','Obrigatória','Ementa...',NULL,NULL,0,0,0,0,0,0,0,0,0,'2017-12-15 13:49:56','2017-12-15 13:49:56'),(41,NULL,1,'Matrizes e Geometria Analítica','CMM013','Presencial','Nenhum','Nenhum','Presencial','Obrigatória','Ementa...',NULL,NULL,0,0,0,0,0,0,0,0,0,'2017-12-15 13:49:57','2017-12-15 13:49:57'),(42,NULL,1,'Resolução de Problemas','CMM015','Presencial','Nenhum','Nenhum','Presencial','Obrigatória','Ementa...',NULL,NULL,0,0,0,0,0,0,0,0,0,'2017-12-15 13:49:57','2017-12-15 13:49:57'),(43,NULL,1,'Álgebra Linear Aplicada','EMA701','Presencial','Nenhum','Nenhum','Presencial','Obrigatória','Ementa...',NULL,NULL,0,0,0,0,0,0,0,0,0,'2017-12-15 13:49:58','2017-12-15 13:49:58'),(44,NULL,1,'Álgebra Linear Avançada','EMA702','Presencial','Nenhum','Nenhum','Presencial','Obrigatória','Ementa...',NULL,NULL,0,0,0,0,0,0,0,0,0,'2017-12-15 13:49:58','2017-12-15 13:49:58'),(45,NULL,1,'Álgebra e Módulos','EMA703','Presencial','Nenhum','Nenhum','Presencial','Obrigatória','Ementa...',NULL,NULL,0,0,0,0,0,0,0,0,0,'2017-12-15 13:49:58','2017-12-15 13:49:58'),(46,NULL,1,'Análise em Rn','EMA706','Presencial','Nenhum','Nenhum','Presencial','Obrigatória','Ementa...',NULL,NULL,0,0,0,0,0,0,0,0,0,'2017-12-15 13:49:58','2017-12-15 13:49:58'),(47,NULL,1,'Equações Diferenciais Parciais','EMA711','Presencial','Nenhum','Nenhum','Presencial','Obrigatória','Ementa...',NULL,NULL,0,0,0,0,0,0,0,0,0,'2017-12-15 13:49:58','2017-12-15 13:49:58'),(48,NULL,1,'Medida e Integração','EMA728','Presencial','Nenhum','Nenhum','Presencial','Obrigatória','Ementa...',NULL,NULL,0,0,0,0,0,0,0,0,0,'2017-12-15 13:49:58','2017-12-15 13:49:58'),(49,NULL,1,'Otimização I','EMA761','Presencial','Nenhum','Nenhum','Presencial','Obrigatória','Ementa...',NULL,NULL,0,0,0,0,0,0,0,0,0,'2017-12-15 13:49:58','2017-12-15 13:49:58'),(50,NULL,1,'Teoria de Dist. e Análise de Fourier','EMA765','Presencial','Nenhum','Nenhum','Presencial','Obrigatória','Ementa...',NULL,NULL,0,0,0,0,0,0,0,0,0,'2017-12-15 13:49:59','2017-12-15 13:49:59'),(51,NULL,1,'Números e Funções Reais','MA11','Presencial','Nenhum','Nenhum','Presencial','Obrigatória','Ementa...',NULL,NULL,0,0,0,0,0,0,0,0,0,'2017-12-15 13:49:59','2017-12-15 13:49:59'),(52,NULL,1,'Matemática Discreta','MA12','Presencial','Nenhum','Nenhum','Presencial','Obrigatória','Ementa...',NULL,NULL,0,0,0,0,0,0,0,0,0,'2017-12-15 13:49:59','2017-12-15 13:49:59'),(53,NULL,1,'Resolução de Problemas','MA21','Presencial','Nenhum','Nenhum','Presencial','Obrigatória','Ementa...',NULL,NULL,0,0,0,0,0,0,0,0,0,'2017-12-15 13:49:59','2017-12-15 13:49:59'),(54,NULL,1,'Fundamentos de Cálculo','MA22','Presencial','Nenhum','Nenhum','Presencial','Obrigatória','Ementa...',NULL,NULL,0,0,0,0,0,0,0,0,0,'2017-12-15 13:49:59','2017-12-15 13:49:59'),(55,NULL,1,'Trabalho de Conclusão de Curso','MA24','Presencial','Nenhum','Nenhum','Presencial','Obrigatória','Ementa...',NULL,NULL,0,0,0,0,0,0,0,0,0,'2017-12-15 13:50:00','2017-12-15 13:50:00');
/*!40000 ALTER TABLE `matters` ENABLE KEYS */;
UNLOCK TABLES;

--
-- Table structure for table `messages`
--

DROP TABLE IF EXISTS `messages`;
/*!40101 SET @saved_cs_client     = @@character_set_client */;
/*!40101 SET character_set_client = utf8 */;
CREATE TABLE `messages` (
  `id` int(11) NOT NULL AUTO_INCREMENT,
  `message` text,
  `user_id` int(11) DEFAULT NULL,
  `ficha_id` int(11) DEFAULT NULL,
  `created_at` datetime NOT NULL,
  `updated_at` datetime NOT NULL,
  PRIMARY KEY (`id`),
  KEY `index_messages_on_user_id` (`user_id`),
  KEY `index_messages_on_ficha_id` (`ficha_id`),
  CONSTRAINT `fk_rails_273a25a7a6` FOREIGN KEY (`user_id`) REFERENCES `users` (`id`),
  CONSTRAINT `fk_rails_7f6e141b4b` FOREIGN KEY (`ficha_id`) REFERENCES `fichas` (`id`)
) ENGINE=InnoDB DEFAULT CHARSET=utf8;
/*!40101 SET character_set_client = @saved_cs_client */;

--
-- Dumping data for table `messages`
--

LOCK TABLES `messages` WRITE;
/*!40000 ALTER TABLE `messages` DISABLE KEYS */;
/*!40000 ALTER TABLE `messages` ENABLE KEYS */;
UNLOCK TABLES;

--
-- Table structure for table `options`
--

DROP TABLE IF EXISTS `options`;
/*!40101 SET @saved_cs_client     = @@character_set_client */;
/*!40101 SET character_set_client = utf8 */;
CREATE TABLE `options` (
  `id` int(11) NOT NULL AUTO_INCREMENT,
  `semester_id` int(11) DEFAULT NULL,
  `created_at` datetime NOT NULL,
  `updated_at` datetime NOT NULL,
  PRIMARY KEY (`id`),
  KEY `index_options_on_semester_id` (`semester_id`),
  CONSTRAINT `fk_rails_e435ab9e8b` FOREIGN KEY (`semester_id`) REFERENCES `semesters` (`id`)
) ENGINE=InnoDB AUTO_INCREMENT=100 DEFAULT CHARSET=utf8;
/*!40101 SET character_set_client = @saved_cs_client */;

--
-- Dumping data for table `options`
--

LOCK TABLES `options` WRITE;
/*!40000 ALTER TABLE `options` DISABLE KEYS */;
INSERT INTO `options` VALUES (1,1,'2017-12-15 13:52:20','2017-12-15 13:52:20'),(2,1,'2017-12-15 13:52:20','2017-12-15 13:52:20'),(3,1,'2017-12-15 13:52:20','2017-12-15 13:52:20'),(4,1,'2017-12-15 13:52:20','2017-12-15 13:52:20'),(5,1,'2017-12-15 13:52:20','2017-12-15 13:52:20'),(6,1,'2017-12-15 13:52:20','2017-12-15 13:52:20'),(7,1,'2017-12-15 13:52:20','2017-12-15 13:52:20'),(8,1,'2017-12-15 13:52:21','2017-12-15 13:52:21'),(9,1,'2017-12-15 13:52:21','2017-12-15 13:52:21'),(10,1,'2017-12-15 13:52:21','2017-12-15 13:52:21'),(11,1,'2017-12-15 13:52:21','2017-12-15 13:52:21'),(12,1,'2017-12-15 13:52:21','2017-12-15 13:52:21'),(13,1,'2017-12-15 13:52:21','2017-12-15 13:52:21'),(14,1,'2017-12-15 13:52:21','2017-12-15 13:52:21'),(15,1,'2017-12-15 13:52:21','2017-12-15 13:52:21'),(16,1,'2017-12-15 13:52:21','2017-12-15 13:52:21'),(17,1,'2017-12-15 13:52:21','2017-12-15 13:52:21'),(18,1,'2017-12-15 13:52:21','2017-12-15 13:52:21'),(19,1,'2017-12-15 13:52:22','2017-12-15 13:52:22'),(20,1,'2017-12-15 13:52:22','2017-12-15 13:52:22'),(21,1,'2017-12-15 13:52:22','2017-12-15 13:52:22'),(22,1,'2017-12-15 13:52:22','2017-12-15 13:52:22'),(23,1,'2017-12-15 13:52:22','2017-12-15 13:52:22'),(24,1,'2017-12-15 13:52:22','2017-12-15 13:52:22'),(25,1,'2017-12-15 13:52:22','2017-12-15 13:52:22'),(26,1,'2017-12-15 13:52:22','2017-12-15 13:52:22'),(27,1,'2017-12-15 13:52:22','2017-12-15 13:52:22'),(28,1,'2017-12-15 13:52:22','2017-12-15 13:52:22'),(29,1,'2017-12-15 13:52:22','2017-12-15 13:52:22'),(30,1,'2017-12-15 13:52:22','2017-12-15 13:52:22'),(31,1,'2017-12-15 13:52:22','2017-12-15 13:52:22'),(32,1,'2017-12-15 13:52:23','2017-12-15 13:52:23'),(33,1,'2017-12-15 13:52:23','2017-12-15 13:52:23'),(34,1,'2017-12-15 13:52:23','2017-12-15 13:52:23'),(35,1,'2017-12-15 13:52:23','2017-12-15 13:52:23'),(36,1,'2017-12-15 13:52:23','2017-12-15 13:52:23'),(37,1,'2017-12-15 13:52:23','2017-12-15 13:52:23'),(38,1,'2017-12-15 13:52:23','2017-12-15 13:52:23'),(39,1,'2017-12-15 13:52:23','2017-12-15 13:52:23'),(40,1,'2017-12-15 13:52:23','2017-12-15 13:52:23'),(41,1,'2017-12-15 13:52:23','2017-12-15 13:52:23'),(42,1,'2017-12-15 13:52:23','2017-12-15 13:52:23'),(43,1,'2017-12-15 13:52:23','2017-12-15 13:52:23'),(44,1,'2017-12-15 13:52:23','2017-12-15 13:52:23'),(45,1,'2017-12-15 13:52:23','2017-12-15 13:52:23'),(46,1,'2017-12-15 13:52:24','2017-12-15 13:52:24'),(47,1,'2017-12-15 13:52:24','2017-12-15 13:52:24'),(48,1,'2017-12-15 13:52:24','2017-12-15 13:52:24'),(49,1,'2017-12-15 13:52:24','2017-12-15 13:52:24'),(50,1,'2017-12-15 13:52:24','2017-12-15 13:52:24'),(51,1,'2017-12-15 13:52:24','2017-12-15 13:52:24'),(52,1,'2017-12-15 13:52:24','2017-12-15 13:52:24'),(53,1,'2017-12-15 13:52:24','2017-12-15 13:52:24'),(54,1,'2017-12-15 13:52:24','2017-12-15 13:52:24'),(55,1,'2017-12-15 13:52:24','2017-12-15 13:52:24'),(56,1,'2017-12-15 13:52:24','2017-12-15 13:52:24'),(57,1,'2017-12-15 13:52:24','2017-12-15 13:52:24'),(58,1,'2017-12-15 13:52:24','2017-12-15 13:52:24'),(59,1,'2017-12-15 13:52:25','2017-12-15 13:52:25'),(60,1,'2017-12-15 13:52:25','2017-12-15 13:52:25'),(61,1,'2017-12-15 13:52:25','2017-12-15 13:52:25'),(62,1,'2017-12-15 13:52:25','2017-12-15 13:52:25'),(63,1,'2017-12-15 13:52:25','2017-12-15 13:52:25'),(64,1,'2017-12-15 13:52:25','2017-12-15 13:52:25'),(65,1,'2017-12-15 13:52:25','2017-12-15 13:52:25'),(66,1,'2017-12-15 13:52:25','2017-12-15 13:52:25'),(67,1,'2017-12-15 13:52:25','2017-12-15 13:52:25'),(68,1,'2017-12-15 13:52:25','2017-12-15 13:52:25'),(69,1,'2017-12-15 13:52:25','2017-12-15 13:52:25'),(70,1,'2017-12-15 13:52:25','2017-12-15 13:52:25'),(71,1,'2017-12-15 13:52:25','2017-12-15 13:52:25'),(72,1,'2017-12-15 13:52:26','2017-12-15 13:52:26'),(73,1,'2017-12-15 13:52:26','2017-12-15 13:52:26'),(74,1,'2017-12-15 13:52:26','2017-12-15 13:52:26'),(75,1,'2017-12-15 13:52:26','2017-12-15 13:52:26'),(76,1,'2017-12-15 13:52:26','2017-12-15 13:52:26'),(77,1,'2017-12-15 13:52:26','2017-12-15 13:52:26'),(78,1,'2017-12-15 13:52:26','2017-12-15 13:52:26'),(79,1,'2017-12-15 13:52:26','2017-12-15 13:52:26'),(80,1,'2017-12-15 13:52:26','2017-12-15 13:52:26'),(81,1,'2017-12-15 13:52:26','2017-12-15 13:52:26'),(82,1,'2017-12-15 13:52:26','2017-12-15 13:52:26'),(83,1,'2017-12-15 13:52:26','2017-12-15 13:52:26'),(84,1,'2017-12-15 13:52:26','2017-12-15 13:52:26'),(85,1,'2017-12-15 13:52:27','2017-12-15 13:52:27'),(86,1,'2017-12-15 13:52:27','2017-12-15 13:52:27'),(87,1,'2017-12-15 13:52:27','2017-12-15 13:52:27'),(88,1,'2017-12-15 13:52:27','2017-12-15 13:52:27'),(89,1,'2017-12-15 13:52:27','2017-12-15 13:52:27'),(90,1,'2017-12-15 13:52:27','2017-12-15 13:52:27'),(91,1,'2017-12-15 13:52:27','2017-12-15 13:52:27'),(92,1,'2017-12-15 13:52:27','2017-12-15 13:52:27'),(93,1,'2017-12-15 13:52:27','2017-12-15 13:52:27'),(94,1,'2017-12-15 13:52:27','2017-12-15 13:52:27'),(95,1,'2017-12-15 13:52:27','2017-12-15 13:52:27'),(96,1,'2017-12-15 13:52:27','2017-12-15 13:52:27'),(97,1,'2017-12-15 13:52:27','2017-12-15 13:52:27'),(98,1,'2017-12-15 13:52:27','2017-12-15 13:52:27'),(99,1,'2017-12-15 13:52:27','2017-12-15 13:52:27');
/*!40000 ALTER TABLE `options` ENABLE KEYS */;
UNLOCK TABLES;

--
-- Table structure for table `options_users`
--

DROP TABLE IF EXISTS `options_users`;
/*!40101 SET @saved_cs_client     = @@character_set_client */;
/*!40101 SET character_set_client = utf8 */;
CREATE TABLE `options_users` (
  `user_id` int(11) DEFAULT NULL,
  `option_id` int(11) DEFAULT NULL,
  KEY `index_options_users_on_user_id` (`user_id`),
  KEY `index_options_users_on_option_id` (`option_id`),
  CONSTRAINT `fk_rails_08e80d73b4` FOREIGN KEY (`option_id`) REFERENCES `options` (`id`),
  CONSTRAINT `fk_rails_5885ccdf27` FOREIGN KEY (`user_id`) REFERENCES `users` (`id`)
) ENGINE=InnoDB DEFAULT CHARSET=utf8;
/*!40101 SET character_set_client = @saved_cs_client */;

--
-- Dumping data for table `options_users`
--

LOCK TABLES `options_users` WRITE;
/*!40000 ALTER TABLE `options_users` DISABLE KEYS */;
/*!40000 ALTER TABLE `options_users` ENABLE KEYS */;
UNLOCK TABLES;

--
-- Table structure for table `perform_backups`
--

DROP TABLE IF EXISTS `perform_backups`;
/*!40101 SET @saved_cs_client     = @@character_set_client */;
/*!40101 SET character_set_client = utf8 */;
CREATE TABLE `perform_backups` (
  `id` int(11) NOT NULL AUTO_INCREMENT,
  `days` int(11) DEFAULT NULL,
  `time` time DEFAULT NULL,
  `created_at` datetime NOT NULL,
  `updated_at` datetime NOT NULL,
  PRIMARY KEY (`id`)
) ENGINE=InnoDB AUTO_INCREMENT=2 DEFAULT CHARSET=utf8;
/*!40101 SET character_set_client = @saved_cs_client */;

--
-- Dumping data for table `perform_backups`
--

LOCK TABLES `perform_backups` WRITE;
/*!40000 ALTER TABLE `perform_backups` DISABLE KEYS */;
INSERT INTO `perform_backups` VALUES (1,1,'18:30:00','2017-12-18 15:27:04','2018-04-30 13:28:11');
/*!40000 ALTER TABLE `perform_backups` ENABLE KEYS */;
UNLOCK TABLES;

--
-- Table structure for table `roles`
--

DROP TABLE IF EXISTS `roles`;
/*!40101 SET @saved_cs_client     = @@character_set_client */;
/*!40101 SET character_set_client = utf8 */;
CREATE TABLE `roles` (
  `id` int(11) NOT NULL AUTO_INCREMENT,
  `name` varchar(255) DEFAULT NULL,
  `resource_type` varchar(255) DEFAULT NULL,
  `resource_id` int(11) DEFAULT NULL,
  `created_at` datetime DEFAULT NULL,
  `updated_at` datetime DEFAULT NULL,
  PRIMARY KEY (`id`),
  KEY `index_roles_on_name` (`name`),
  KEY `index_roles_on_name_and_resource_type_and_resource_id` (`name`,`resource_type`,`resource_id`)
) ENGINE=InnoDB AUTO_INCREMENT=7 DEFAULT CHARSET=utf8;
/*!40101 SET character_set_client = @saved_cs_client */;

--
-- Dumping data for table `roles`
--

LOCK TABLES `roles` WRITE;
/*!40000 ALTER TABLE `roles` DISABLE KEYS */;
INSERT INTO `roles` VALUES (1,'teacher',NULL,NULL,'2017-12-15 13:46:15','2017-12-15 13:46:15'),(2,'admin',NULL,NULL,'2018-04-17 12:48:40','2018-04-17 12:48:40'),(3,'appraiser',NULL,NULL,'2018-04-17 12:22:57','2018-04-17 12:22:57'),(4,'secretary',NULL,NULL,'2017-12-15 13:46:16','2017-12-15 13:46:16');
/*!40000 ALTER TABLE `roles` ENABLE KEYS */;
UNLOCK TABLES;

--
-- Table structure for table `schedules`
--

DROP TABLE IF EXISTS `schedules`;
/*!40101 SET @saved_cs_client     = @@character_set_client */;
/*!40101 SET character_set_client = utf8 */;
CREATE TABLE `schedules` (
  `id` int(11) NOT NULL AUTO_INCREMENT,
  `begin` time DEFAULT NULL,
  `duration` time DEFAULT NULL,
  `day` int(11) DEFAULT NULL,
  PRIMARY KEY (`id`)
) ENGINE=InnoDB AUTO_INCREMENT=139 DEFAULT CHARSET=utf8;
/*!40101 SET character_set_client = @saved_cs_client */;

--
-- Dumping data for table `schedules`
--

LOCK TABLES `schedules` WRITE;
/*!40000 ALTER TABLE `schedules` DISABLE KEYS */;
INSERT INTO `schedules` VALUES (1,'07:30:00','02:00:00',2),(2,'07:30:00','02:00:00',4),(3,'09:30:00','02:00:00',1),(4,'09:30:00','02:00:00',3),(5,'13:30:00','02:00:00',2),(6,'13:30:00','02:00:00',4),(7,'19:30:00','02:00:00',2),(8,'21:30:00','02:00:00',3),(9,'20:30:00','02:00:00',2),(10,'18:30:00','02:00:00',4),(11,'21:30:00','02:00:00',2),(12,'19:30:00','02:00:00',5),(13,'17:30:00','02:00:00',2),(14,'17:30:00','02:00:00',4),(15,'07:30:00','02:00:00',1),(16,'07:30:00','02:00:00',3),(17,'07:30:00','02:00:00',5),(18,'09:30:00','02:00:00',5),(19,'13:30:00','02:00:00',1),(20,'13:30:00','02:00:00',3),(21,'13:30:00','02:00:00',5),(22,'19:30:00','02:00:00',1),(23,'21:30:00','02:00:00',1),(24,'19:30:00','02:00:00',3),(25,'21:30:00','02:00:00',4),(26,'20:30:00','03:00:00',1),(27,'18:30:00','03:00:00',3),(28,'21:30:00','02:00:00',5),(29,'09:30:00','02:00:00',2),(30,'09:30:00','02:00:00',4),(31,'17:30:00','02:00:00',1),(32,'17:30:00','02:00:00',3),(33,'19:30:00','02:00:00',4),(34,'15:30:00','02:00:00',2),(35,'15:30:00','02:00:00',4),(36,'15:30:00','02:00:00',1),(37,'15:30:00','02:00:00',3),(38,'15:30:00','02:00:00',5),(39,'13:30:00','04:00:00',5),(40,'19:30:00','04:00:00',5),(41,'10:30:00','02:00:00',2),(42,'10:30:00','02:00:00',4),(43,'07:30:00','04:00:00',2),(44,'16:30:00','02:00:00',4),(45,'18:30:00','02:00:00',1),(46,'20:30:00','02:00:00',4),(47,'20:30:00','02:00:00',1),(48,'17:30:00','02:00:00',5),(49,'18:30:00','02:00:00',5),(50,'18:30:00','03:00:00',2),(51,'20:30:00','03:00:00',4),(52,'13:30:00','04:00:00',2),(53,'19:30:00','04:00:00',2),(54,'19:00:00','03:00:00',1),(55,'19:00:00','03:00:00',5),(56,'08:30:00','01:00:00',2),(57,'09:30:00','06:00:00',1),(58,'08:30:00','06:00:00',1),(59,'08:30:00','06:00:00',3),(60,'08:30:00','06:00:00',5),(61,'07:30:00','06:00:00',0),(62,'13:30:00','06:00:00',0),(63,'19:30:00','06:00:00',0),(64,'23:30:00','06:00:00',0),(65,'11:30:00','02:00:00',1),(66,'11:30:00','02:00:00',2),(67,'11:30:00','02:00:00',3),(68,'17:30:00','01:00:00',1),(69,'17:30:00','01:00:00',2),(70,'17:30:00','01:00:00',3),(71,'14:30:00','04:00:00',2),(72,'11:30:00','02:00:00',4),(73,'17:30:00','01:00:00',4),(74,'17:30:00','01:00:00',5),(75,'11:30:00','02:00:00',5),(76,'07:30:00','06:00:00',3),(77,'14:30:00','06:00:00',3),(78,'07:30:00','05:00:00',1),(79,'07:30:00','05:00:00',2),(80,'07:30:00','05:00:00',3),(81,'07:30:00','05:00:00',4),(82,'07:30:00','05:00:00',5),(83,'17:30:00','05:00:00',1),(84,'17:30:00','04:00:00',2),(85,'17:30:00','05:00:00',2),(86,'17:30:00','05:00:00',3),(87,'17:30:00','05:00:00',4),(88,'17:30:00','05:00:00',5),(89,'07:30:00','06:00:00',1),(90,'14:30:00','06:00:00',1),(91,'20:30:00','04:00:00',1),(92,'20:30:00','03:00:00',3),(93,'07:30:00','06:00:00',5),(94,'14:30:00','06:00:00',5),(95,'20:30:00','03:00:00',5),(96,'07:30:00','06:00:00',2),(97,'07:30:00','06:00:00',4),(98,'16:30:00','02:00:00',1),(99,'16:30:00','02:00:00',2),(100,'12:30:00','02:00:00',3),(101,'16:30:00','02:00:00',5),(102,'13:30:00','06:00:00',1),(103,'19:30:00','03:00:00',1),(104,'13:30:00','06:00:00',3),(105,'19:30:00','03:00:00',3),(106,'13:30:00','06:00:00',5),(107,'19:30:00','03:00:00',5),(108,'12:30:00','03:00:00',1),(109,'12:30:00','03:00:00',2),(110,'12:30:00','03:00:00',3),(111,'12:30:00','03:00:00',4),(112,'12:30:00','03:00:00',5),(113,'18:30:00','06:00:00',5),(114,'18:30:00','04:00:00',4),(115,'09:30:00','06:00:00',2),(116,'09:30:00','06:00:00',3),(117,'09:30:00','03:00:00',1),(118,'13:30:00','04:00:00',1),(119,'09:30:00','03:00:00',2),(120,'09:30:00','03:00:00',3),(121,'13:30:00','04:00:00',3),(122,'09:30:00','03:00:00',4),(123,'13:30:00','04:00:00',4),(124,'09:30:00','03:00:00',5),(125,'07:30:00','01:00:00',4),(126,'11:30:00','06:00:00',4),(127,'08:30:00','01:00:00',1),(128,'11:30:00','04:00:00',1),(129,'10:30:00','04:00:00',2),(130,'10:30:00','04:00:00',3),(131,'10:30:00','04:00:00',4),(132,'10:30:00','04:00:00',5),(133,'10:30:00','04:00:00',1),(134,'10:30:00','03:00:00',1),(135,'10:30:00','03:00:00',2),(136,'10:30:00','03:00:00',3),(137,'10:30:00','03:00:00',4),(138,'10:30:00','03:00:00',5);
/*!40000 ALTER TABLE `schedules` ENABLE KEYS */;
UNLOCK TABLES;

--
-- Table structure for table `schema_migrations`
--

DROP TABLE IF EXISTS `schema_migrations`;
/*!40101 SET @saved_cs_client     = @@character_set_client */;
/*!40101 SET character_set_client = utf8 */;
CREATE TABLE `schema_migrations` (
  `version` varchar(255) NOT NULL,
  PRIMARY KEY (`version`)
) ENGINE=InnoDB DEFAULT CHARSET=utf8;
/*!40101 SET character_set_client = @saved_cs_client */;

--
-- Dumping data for table `schema_migrations`
--

LOCK TABLES `schema_migrations` WRITE;
/*!40000 ALTER TABLE `schema_migrations` DISABLE KEYS */;
INSERT INTO `schema_migrations` VALUES ('20170309135348'),('20170309135349'),('20170309135350'),('20170309135351'),('20170309135352'),('20170309135414'),('20170324130734'),('20170324130735'),('20170324130736'),('20170324130737'),('20170822134344'),('20170822135212'),('20170825135058'),('20170829124714'),('20170920132121'),('20170928121859'),('20171006124641'),('20171006124656');
/*!40000 ALTER TABLE `schema_migrations` ENABLE KEYS */;
UNLOCK TABLES;

--
-- Table structure for table `semesters`
--

DROP TABLE IF EXISTS `semesters`;
/*!40101 SET @saved_cs_client     = @@character_set_client */;
/*!40101 SET character_set_client = utf8 */;
CREATE TABLE `semesters` (
  `id` int(11) NOT NULL AUTO_INCREMENT,
  `year` int(11) DEFAULT NULL,
  `semester` int(11) DEFAULT NULL,
  `options_selection` tinyint(1) NOT NULL DEFAULT '0',
  `options_generated` tinyint(1) NOT NULL DEFAULT '0',
  `options_finished` tinyint(1) NOT NULL DEFAULT '0',
  `created_at` datetime NOT NULL,
  `updated_at` datetime NOT NULL,
  PRIMARY KEY (`id`)
) ENGINE=InnoDB AUTO_INCREMENT=2 DEFAULT CHARSET=utf8;
/*!40101 SET character_set_client = @saved_cs_client */;

--
-- Dumping data for table `semesters`
--

LOCK TABLES `semesters` WRITE;
/*!40000 ALTER TABLE `semesters` DISABLE KEYS */;
INSERT INTO `semesters` VALUES (1,2018,1,0,1,1,'2017-12-15 13:49:34','2018-02-15 11:05:25');
/*!40000 ALTER TABLE `semesters` ENABLE KEYS */;
UNLOCK TABLES;

--
-- Table structure for table `unavailabilities`
--

DROP TABLE IF EXISTS `unavailabilities`;
/*!40101 SET @saved_cs_client     = @@character_set_client */;
/*!40101 SET character_set_client = utf8 */;
CREATE TABLE `unavailabilities` (
  `id` int(11) NOT NULL AUTO_INCREMENT,
  `availability_id` int(11) DEFAULT NULL,
  `schedule_id` int(11) DEFAULT NULL,
  `created_at` datetime NOT NULL,
  `updated_at` datetime NOT NULL,
  PRIMARY KEY (`id`),
  KEY `index_unavailabilities_on_availability_id` (`availability_id`),
  KEY `index_unavailabilities_on_schedule_id` (`schedule_id`),
  CONSTRAINT `fk_rails_54f6f8e88c` FOREIGN KEY (`availability_id`) REFERENCES `availabilities` (`id`),
  CONSTRAINT `fk_rails_e6dd220661` FOREIGN KEY (`schedule_id`) REFERENCES `schedules` (`id`)
) ENGINE=InnoDB AUTO_INCREMENT=147 DEFAULT CHARSET=utf8;
/*!40101 SET character_set_client = @saved_cs_client */;

--
-- Dumping data for table `unavailabilities`
--

LOCK TABLES `unavailabilities` WRITE;
/*!40000 ALTER TABLE `unavailabilities` DISABLE KEYS */;
INSERT INTO `unavailabilities` VALUES (2,15,57,'2017-12-15 15:52:00','2017-12-15 15:52:00'),(4,4,1,'2017-12-15 15:53:28','2017-12-15 15:53:28'),(5,4,15,'2017-12-15 15:53:42','2017-12-15 15:53:42'),(6,4,16,'2017-12-15 15:54:07','2017-12-15 15:54:07'),(7,4,2,'2017-12-15 15:54:26','2017-12-15 15:54:26'),(8,19,58,'2017-12-15 16:43:50','2017-12-15 16:43:50'),(10,19,59,'2017-12-15 16:44:31','2017-12-15 16:44:31'),(11,19,60,'2017-12-15 16:44:47','2017-12-15 16:44:47'),(12,20,31,'2017-12-15 16:54:09','2017-12-15 16:54:09'),(13,20,32,'2017-12-15 16:54:34','2017-12-15 16:54:34'),(14,20,48,'2017-12-15 16:55:02','2017-12-15 16:55:02'),(15,22,61,'2017-12-15 17:30:06','2017-12-15 17:30:06'),(16,22,62,'2017-12-15 17:31:41','2017-12-15 17:31:41'),(17,22,63,'2017-12-15 17:31:55','2017-12-15 17:31:55'),(18,22,64,'2017-12-15 17:32:16','2017-12-15 17:32:16'),(19,24,65,'2017-12-15 18:39:30','2017-12-15 18:39:30'),(20,24,66,'2017-12-15 18:39:43','2017-12-15 18:39:43'),(23,24,68,'2017-12-15 18:41:23','2017-12-15 18:41:23'),(24,24,69,'2017-12-15 18:41:35','2017-12-15 18:41:35'),(26,24,71,'2017-12-15 18:42:05','2017-12-15 18:42:05'),(27,24,72,'2017-12-15 18:42:17','2017-12-15 18:42:17'),(28,24,73,'2017-12-15 18:42:29','2017-12-15 18:42:29'),(29,24,74,'2017-12-15 18:42:41','2017-12-15 18:42:41'),(30,24,75,'2017-12-15 18:42:52','2017-12-15 18:42:52'),(31,24,76,'2017-12-15 18:44:39','2017-12-15 18:44:39'),(32,24,77,'2017-12-15 18:44:59','2017-12-15 18:44:59'),(33,26,78,'2017-12-15 19:05:07','2017-12-15 19:05:07'),(34,26,79,'2017-12-15 19:05:19','2017-12-15 19:05:19'),(35,26,80,'2017-12-15 19:05:32','2017-12-15 19:05:32'),(36,26,81,'2017-12-15 19:05:46','2017-12-15 19:05:46'),(37,26,82,'2017-12-15 19:05:56','2017-12-15 19:05:56'),(38,31,83,'2017-12-15 21:06:42','2017-12-15 21:06:42'),(40,31,85,'2017-12-15 21:07:36','2017-12-15 21:07:36'),(41,31,86,'2017-12-15 21:07:53','2017-12-15 21:07:53'),(42,31,87,'2017-12-15 21:08:07','2017-12-15 21:08:07'),(43,31,88,'2017-12-15 21:08:18','2017-12-15 21:08:18'),(44,33,89,'2017-12-16 14:28:23','2017-12-16 14:28:23'),(45,33,90,'2017-12-16 14:28:37','2017-12-16 14:28:37'),(47,33,26,'2017-12-16 14:29:32','2017-12-16 14:29:32'),(48,33,76,'2017-12-16 14:29:55','2017-12-16 14:29:55'),(50,33,77,'2017-12-16 14:30:30','2017-12-16 14:30:30'),(51,33,92,'2017-12-16 14:30:49','2017-12-16 14:30:49'),(52,33,93,'2017-12-16 14:31:06','2017-12-16 14:31:06'),(53,33,94,'2017-12-16 14:31:26','2017-12-16 14:31:26'),(54,33,95,'2017-12-16 14:31:45','2017-12-16 14:31:45'),(55,35,89,'2017-12-17 15:22:47','2017-12-17 15:22:47'),(56,35,96,'2017-12-17 15:23:38','2017-12-17 15:23:38'),(57,35,76,'2017-12-17 15:24:10','2017-12-17 15:24:10'),(58,35,97,'2017-12-17 15:24:34','2017-12-17 15:24:34'),(59,35,93,'2017-12-17 15:24:57','2017-12-17 15:24:57'),(60,39,98,'2017-12-18 12:31:29','2017-12-18 12:31:29'),(61,39,99,'2017-12-18 12:31:43','2017-12-18 12:31:43'),(62,39,100,'2017-12-18 12:31:53','2017-12-18 12:31:53'),(63,39,44,'2017-12-18 12:32:04','2017-12-18 12:32:04'),(64,39,101,'2017-12-18 12:32:16','2017-12-18 12:32:16'),(65,38,89,'2017-12-18 13:47:54','2017-12-18 13:47:54'),(66,38,102,'2017-12-18 13:48:01','2017-12-18 13:48:01'),(67,38,103,'2017-12-18 13:48:27','2017-12-18 13:48:27'),(68,38,9,'2017-12-18 13:48:55','2017-12-18 13:48:55'),(69,38,76,'2017-12-18 13:49:08','2017-12-18 13:49:08'),(70,38,104,'2017-12-18 13:49:16','2017-12-18 13:49:16'),(71,38,105,'2017-12-18 13:49:31','2017-12-18 13:49:31'),(72,38,46,'2017-12-18 13:49:48','2017-12-18 13:49:48'),(73,38,93,'2017-12-18 13:50:01','2017-12-18 13:50:01'),(74,38,106,'2017-12-18 13:50:08','2017-12-18 13:50:08'),(75,38,107,'2017-12-18 13:50:19','2017-12-18 13:50:19'),(76,21,108,'2017-12-18 14:18:16','2017-12-18 14:18:16'),(77,21,109,'2017-12-18 14:18:34','2017-12-18 14:18:34'),(78,21,110,'2017-12-18 14:18:51','2017-12-18 14:18:51'),(79,21,111,'2017-12-18 14:19:07','2017-12-18 14:19:07'),(80,21,112,'2017-12-18 14:19:23','2017-12-18 14:19:23'),(81,44,15,'2017-12-18 14:51:16','2017-12-18 14:51:16'),(82,43,89,'2017-12-18 14:59:13','2017-12-18 14:59:13'),(83,43,96,'2017-12-18 14:59:36','2017-12-18 14:59:36'),(84,43,76,'2017-12-18 14:59:56','2017-12-18 14:59:56'),(85,43,97,'2017-12-18 15:00:13','2017-12-18 15:00:13'),(86,43,93,'2017-12-18 15:00:32','2017-12-18 15:00:32'),(87,43,113,'2017-12-18 15:00:47','2017-12-18 15:00:47'),(88,46,114,'2017-12-18 16:59:54','2017-12-18 16:59:54'),(90,48,58,'2017-12-18 19:42:16','2017-12-18 19:42:16'),(95,29,117,'2017-12-18 20:11:07','2017-12-18 20:11:07'),(96,29,118,'2017-12-18 20:11:48','2017-12-18 20:11:48'),(97,29,119,'2017-12-18 20:12:16','2017-12-18 20:12:16'),(99,29,52,'2017-12-18 20:12:59','2017-12-18 20:12:59'),(100,29,120,'2017-12-18 20:13:39','2017-12-18 20:13:39'),(102,29,121,'2017-12-18 20:14:14','2017-12-18 20:14:14'),(103,29,122,'2017-12-18 20:14:28','2017-12-18 20:14:28'),(104,29,123,'2017-12-18 20:14:45','2017-12-18 20:14:45'),(105,29,124,'2017-12-18 20:14:59','2017-12-18 20:14:59'),(107,29,39,'2017-12-18 20:15:43','2017-12-18 20:15:43'),(108,49,78,'2017-12-18 21:24:37','2017-12-18 21:24:37'),(109,49,79,'2017-12-18 21:24:50','2017-12-18 21:24:50'),(111,49,80,'2017-12-18 21:25:13','2017-12-18 21:25:13'),(112,49,81,'2017-12-18 21:25:24','2017-12-18 21:25:24'),(113,49,82,'2017-12-18 21:25:33','2017-12-18 21:25:33'),(115,50,89,'2017-12-18 21:38:16','2017-12-18 21:38:16'),(117,52,96,'2017-12-19 00:11:59','2017-12-19 00:11:59'),(118,52,125,'2017-12-19 00:36:02','2017-12-19 00:36:02'),(119,52,93,'2017-12-19 00:36:14','2017-12-19 00:36:14'),(120,53,126,'2017-12-19 01:34:51','2017-12-19 01:34:51'),(121,53,93,'2017-12-19 01:35:21','2017-12-19 01:35:21'),(122,53,106,'2017-12-19 01:35:35','2017-12-19 01:35:35'),(135,54,134,'2017-12-19 10:42:45','2017-12-19 10:42:45'),(137,54,135,'2017-12-19 10:43:35','2017-12-19 10:43:35'),(138,54,136,'2017-12-19 10:43:44','2017-12-19 10:43:44'),(140,54,137,'2017-12-19 10:44:01','2017-12-19 10:44:01'),(141,54,138,'2017-12-19 10:44:09','2017-12-19 10:44:09'),(142,4,68,'2017-12-21 10:53:57','2017-12-21 10:53:57'),(143,4,69,'2017-12-21 10:54:21','2017-12-21 10:54:21'),(144,4,70,'2017-12-21 10:54:38','2017-12-21 10:54:38'),(145,4,73,'2017-12-21 10:54:51','2017-12-21 10:54:51'),(146,4,74,'2017-12-21 10:55:25','2017-12-21 10:55:25');
/*!40000 ALTER TABLE `unavailabilities` ENABLE KEYS */;
UNLOCK TABLES;

--
-- Table structure for table `unite_groups`
--

DROP TABLE IF EXISTS `unite_groups`;
/*!40101 SET @saved_cs_client     = @@character_set_client */;
/*!40101 SET character_set_client = utf8 */;
CREATE TABLE `unite_groups` (
  `id` int(11) NOT NULL AUTO_INCREMENT,
  `matter_id` int(11) DEFAULT NULL,
  `semester_id` int(11) DEFAULT NULL,
  `created_at` datetime NOT NULL,
  `updated_at` datetime NOT NULL,
  PRIMARY KEY (`id`),
  KEY `index_unite_groups_on_matter_id` (`matter_id`),
  KEY `index_unite_groups_on_semester_id` (`semester_id`),
  CONSTRAINT `fk_rails_02946e6e52` FOREIGN KEY (`semester_id`) REFERENCES `semesters` (`id`),
  CONSTRAINT `fk_rails_2b79e03494` FOREIGN KEY (`matter_id`) REFERENCES `matters` (`id`)
) ENGINE=InnoDB DEFAULT CHARSET=utf8;
/*!40101 SET character_set_client = @saved_cs_client */;

--
-- Dumping data for table `unite_groups`
--

LOCK TABLES `unite_groups` WRITE;
/*!40000 ALTER TABLE `unite_groups` DISABLE KEYS */;
/*!40000 ALTER TABLE `unite_groups` ENABLE KEYS */;
UNLOCK TABLES;

--
-- Table structure for table `unite_matters`
--

DROP TABLE IF EXISTS `unite_matters`;
/*!40101 SET @saved_cs_client     = @@character_set_client */;
/*!40101 SET character_set_client = utf8 */;
CREATE TABLE `unite_matters` (
  `id` int(11) NOT NULL AUTO_INCREMENT,
  `name` varchar(255) DEFAULT NULL,
  `created_at` datetime NOT NULL,
  `updated_at` datetime NOT NULL,
  PRIMARY KEY (`id`)
) ENGINE=InnoDB AUTO_INCREMENT=4 DEFAULT CHARSET=utf8;
/*!40101 SET character_set_client = @saved_cs_client */;

--
-- Dumping data for table `unite_matters`
--

LOCK TABLES `unite_matters` WRITE;
/*!40000 ALTER TABLE `unite_matters` DISABLE KEYS */;
INSERT INTO `unite_matters` VALUES (1,'Geometria Analítica','2017-12-15 13:50:00','2017-12-15 13:50:00'),(2,'Cálculo I','2017-12-15 13:50:00','2017-12-15 13:50:00'),(3,'Cálculo II','2017-12-15 13:50:00','2017-12-15 13:50:00');
/*!40000 ALTER TABLE `unite_matters` ENABLE KEYS */;
UNLOCK TABLES;

--
-- Table structure for table `users`
--

DROP TABLE IF EXISTS `users`;
/*!40101 SET @saved_cs_client     = @@character_set_client */;
/*!40101 SET character_set_client = utf8 */;
CREATE TABLE `users` (
  `id` int(11) NOT NULL AUTO_INCREMENT,
  `phone` varchar(255) DEFAULT NULL,
  `email` varchar(255) NOT NULL,
  `encrypted_password` varchar(255) NOT NULL,
  `name` varchar(255) NOT NULL,
  `actived` tinyint(1) NOT NULL DEFAULT '1',
  `reset_password_token` varchar(255) DEFAULT NULL,
  `reset_password_sent_at` datetime DEFAULT NULL,
  `remember_created_at` datetime DEFAULT NULL,
  `sign_in_count` int(11) NOT NULL DEFAULT '0',
  `current_sign_in_at` datetime DEFAULT NULL,
  `last_sign_in_at` datetime DEFAULT NULL,
  `current_sign_in_ip` varchar(255) DEFAULT NULL,
  `last_sign_in_ip` varchar(255) DEFAULT NULL,
  `created_at` datetime NOT NULL,
  `updated_at` datetime NOT NULL,
  `shortname` varchar(255) DEFAULT NULL,
  PRIMARY KEY (`id`),
  UNIQUE KEY `index_users_on_email` (`email`),
  UNIQUE KEY `index_users_on_reset_password_token` (`reset_password_token`)
) ENGINE=InnoDB AUTO_INCREMENT=64 DEFAULT CHARSET=utf8;
/*!40101 SET character_set_client = @saved_cs_client */;

--
-- Dumping data for table `users`
--

LOCK TABLES `users` WRITE;
/*!40000 ALTER TABLE `users` DISABLE KEYS */;
INSERT INTO `users` VALUES (1,NULL,'prof@prof','$2a$11$bWytgXjkN8c6QFD5VeYRoe4IdhgIbpwjZhVEdG0TMI6OwZx/rS9B.','Professor',1,NULL,NULL,NULL,5,'2018-05-03 11:03:09','2018-02-27 21:43:46','200.17.252.251','177.79.68.185','2017-12-15 13:46:15','2018-05-03 11:03:09',NULL),(2,NULL,'adm@adm','$2a$11$VdB6lW2irhtuhgdw68VODOtV8q.NVvU2BGd6VV0N2UYrDprg8.QBi','Admin',1,NULL,NULL,NULL,124,'2018-05-18 12:15:51','2018-05-17 18:19:02','200.17.252.251','200.17.211.91','2017-12-15 13:46:15','2018-05-18 12:15:51',NULL),(3,NULL,'av@av','$2a$11$dv0IDju0Bcf865MrT4NHbOJ2YySnRGy/VeGxxPaNkT9mzCiESZ/e2','Avaliador',1,NULL,NULL,NULL,4,'2018-05-03 11:03:43','2018-03-13 13:51:42','200.17.252.251','200.17.211.125','2017-12-15 13:46:16','2018-05-03 11:03:43',NULL),(4,NULL,'se@se','$2a$11$O8hsEksIO7T031NBMa9hyOVvgYP2QZ/dKsj9GE3z9pB0Lzfo0TQY6','Secretário',1,NULL,NULL,NULL,0,NULL,NULL,NULL,NULL,'2017-12-15 13:46:16','2017-12-15 13:46:16',NULL),(5,'(41)987960018','abel.s.siqueira@gmail.com','$2a$11$9SnH8SjX4vSHptcRZvbNBuuWhFmF2i/eMpdxgR.Pv9UveGtsm0E0G','Abel Soares Siqueira',1,NULL,NULL,NULL,5,'2018-02-20 09:55:09','2017-12-19 08:46:07','177.137.193.17','2001:1284:f003:c2b0:2fca:c94a:63c:bd2e','2017-12-15 13:46:17','2018-03-14 14:41:01','Abel'),(6,'996636927','ademir.aribeiro@gmail.com','$2a$11$uTw.nE0zpGLEYVU.lTtVbuBb36ZkRMf9COFCejx/mVojJL0paGmsG','Ademir Alves Ribeiro',1,'0ead5e6def4f4ed22ccff7d9559291dced86f5e3fcef1adf78b18f596d727de7','2018-02-26 00:18:46',NULL,7,'2018-03-02 14:15:38','2018-03-02 10:45:57','200.17.211.124','177.220.174.120','2017-12-15 13:46:17','2018-03-14 14:41:14','Ademir'),(7,NULL,'ficha2.mat@gmail.com','$2a$11$rOG2lk/Td4xJss0lkckqSe1cnYCttHph.IWCGT643CNTNApUG1zP2','Admin',1,NULL,NULL,NULL,4,'2018-05-08 15:14:16','2018-02-27 21:03:13','200.17.252.251','200.17.211.157','2017-12-15 13:46:17','2018-05-08 15:14:16',NULL),(8,'996543564','adonaisantanna@gmail.com','$2a$11$5hOG11p1f7Vs.QyIxGk9ee7pGErCADombSjaEn.hpysba0Q6QggC.','Adonai Schlup Sant\'Anna',1,NULL,NULL,NULL,3,'2018-02-23 14:19:12','2018-02-21 15:21:01','191.177.185.34','2804:14c:87c3:24a8:50e:2501:8818:71d3','2017-12-15 13:46:17','2018-03-14 14:36:31','Adonai'),(9,'41987613258','imeinanili@gmail.com','$2a$11$m1SMyl0LoMNlDNGbF0irSuoFkL5AxX5i6NHxAffDkZtJICqLoaU.O','Adriana Luiza do Prado ',1,NULL,NULL,NULL,6,'2018-03-05 22:28:03','2017-12-19 18:50:43','177.132.18.31','200.17.211.99','2017-12-15 13:46:18','2018-03-14 14:41:23','Adriana'),(10,NULL,'ailinruizdezarate@gmail.com','$2a$11$KXLhcKtM4LKeFCyTMeAFRuLG537AvgyTwGSb2LOJHVj2uiJySfwki','Ailin Ruiz de Zarate Fabregas',1,NULL,NULL,NULL,0,NULL,NULL,NULL,NULL,'2017-12-15 13:46:18','2018-03-14 14:41:31','Ailin'),(11,'41991964445','aldemirsp@ufpr.br','$2a$11$2/ARAV2Qx5ys9fjSv9UcE.VhgHGFAMHUBVvDauqOfHeAQjQYV9ck.','Aldemir José da Silva Pinto',1,'6ac273f59dd398c04d65cefd9218ac564543a6374d05ecbd7ba495dba71e5530','2017-12-15 19:15:48',NULL,4,'2017-12-15 21:57:43','2017-12-15 19:23:38','177.16.183.253','200.17.211.99','2017-12-15 13:46:18','2018-03-14 14:41:42','Aldemir'),(12,'41999880048','alexandrekirilov@gmail.com','$2a$11$W.K2JH2.rEZbvHs.4osyge2u4QCMWQUIWKAsgtaQr2VyjZRRphgsG','Alexandre Kirilov',1,NULL,NULL,NULL,7,'2018-03-02 18:58:55','2018-02-26 13:31:46','200.17.211.162','189.101.112.16','2017-12-15 13:46:18','2018-03-14 14:42:16','Kirilov'),(13,'99962-0905','atrovon@gmail.com','$2a$11$GYacozYDEVKrXB7IJjP/8uC5c2uWjtu/bKJmS49GKO1GEWITqHTwm','Alexandre Luis Trovon de Carvalho ',1,NULL,NULL,NULL,5,'2018-02-23 15:00:15','2017-12-18 20:34:21','200.17.209.11','2804:7f4:3780:24f8:8d71:d86:d642:a0d7','2017-12-15 13:46:19','2018-03-14 14:42:24','Trovon'),(14,'984842277','ag.anagabriela@gmail.com','$2a$11$j3GPdfws2YPQBSx8bMaQ8uY0dfQ6x8hCVo3k7ogMglut4iNXu2lRG','Ana Gabriela Martinez',1,'0d022661d38162b62616b059621e32cffb691a104b179625a931d67cc2572187','2018-02-16 16:19:43',NULL,10,'2018-05-09 19:51:13','2018-05-08 22:35:15','200.17.211.76','127.0.0.1','2017-12-15 13:46:19','2018-05-09 19:51:13','Ana Gabriela'),(15,'(41)999410779','cduran.ufpr@gmail.com','$2a$11$YENgF7/fZm9KFESFN/0Hhe0MIDBSxQrWbIrVtgnfMqasp3SlCLgs.','Carlos Eduardo Durán Fernández',1,NULL,NULL,NULL,3,'2017-12-18 19:56:00','2017-12-15 21:29:54','2804:14c:8790:8630:ad44:98e7:e17:c9dc','2804:14c:8790:8630:e44f:ff02:f1cd:668','2017-12-15 13:46:19','2018-03-14 14:42:44','Durán'),(16,NULL,'cahe.ufpr@gmail.com','$2a$11$d2NXB446RUMoONSoJPDj8OlS3ip8r2dE2wrawh4LQiQpegYok4/HW','Carlos Henrique dos Santos',1,NULL,NULL,NULL,0,NULL,NULL,NULL,NULL,'2017-12-15 13:46:19','2018-03-14 14:42:54','Carlos Henrique'),(17,'997334561','carlos_r2v@yahoo.com.br','$2a$11$X860aWBYXPDdDiMxiXlOgePf81zAvavH2Ceh6sL025hZ0eaPcJmsi','Carlos Roberto Vianna',1,NULL,NULL,NULL,4,'2018-03-06 01:03:13','2017-12-18 23:17:08','186.206.42.4','2804:14c:8780:9fb0:ff49:eb30:7213:d008','2017-12-15 13:46:20','2018-03-14 14:43:37','Vianna'),(18,'42 998016135','cleber3m@gmail.com','$2a$11$b3JoVNHWzw07x0QCrUlXC.s/7CQX/ps491UfU1NbMDTn3j6FdrwoK','Cleber de Medeira',1,NULL,NULL,NULL,12,'2018-02-27 17:00:05','2017-12-20 03:57:48','200.17.211.103','2804:14c:87c3:20e2:9cfe:e7d3:1d5c:f20c','2017-12-15 13:46:20','2018-03-14 14:43:51','Cleber'),(19,'41 9 9276 7699','otero.ufpr@gmail.com','$2a$11$gwSKPG8HED0fT0kf7Ft6i.ka.tAs4k48c2Y6l3sbk.jfB4oSzCTh.','Diego Mano Otero',1,NULL,NULL,NULL,10,'2018-02-21 18:15:09','2018-02-20 20:21:14','177.82.15.247','200.17.211.198','2017-12-15 13:46:20','2018-03-14 14:44:01','Diego'),(20,'41999184472','rolo1rolo@gmail.com','$2a$11$VXFGXIlu8zlmNHoC64fWlecFE4/NsjMM8hX4osckt8fXY1uvp0qSK','Edson Ribeiro Álvares',1,NULL,NULL,NULL,9,'2018-03-09 17:44:07','2017-12-19 16:34:49','200.17.211.132','200.17.211.132','2017-12-15 13:46:20','2018-03-14 14:44:13','Edson'),(21,'988025352','eduardo.hoefel@gmail.com','$2a$11$6jjCvyihA/KCF5Yk830/guuN33S.xhqiVgx1baCMRkvjfHwN94qVe','Eduardo Outeiral Correa Hoefel',1,NULL,NULL,NULL,7,'2018-02-28 21:10:32','2018-02-28 18:06:51','200.17.211.148','200.17.211.148','2017-12-15 13:46:21','2018-03-14 14:44:33','Eduardo'),(22,'(11)996312749','evgodoy1973@gmail.com','$2a$11$For2gMZ67CUzPKyrWw/NFegJUHCZUuu9ipsVdBy.MU2IfUhfZ.B9O','Elenilton Vieira Godoy',1,NULL,NULL,NULL,5,'2018-03-09 14:03:32','2018-02-19 12:56:49','200.17.211.248','200.17.209.11','2017-12-15 13:46:21','2018-03-14 14:44:55','Elenilton'),(23,'44 997022515','egudino@gmail.com','$2a$11$vM1N3tqo1scRGHjlbSAZhOY3j/0DA.kkP1GX4oYFxzJq2yo1PZVtO','Elias Alfredo Gudiño Rojas',1,NULL,NULL,NULL,4,'2018-02-20 20:24:48','2017-12-18 13:48:59','200.17.211.52','200.17.211.51','2017-12-15 13:46:21','2018-03-14 14:45:03','Elias'),(24,'991125266','eliscamposmat@gmail.com','$2a$11$f2s0ikPp0XwJW2.gLvWlnOUmdVPYMGLr.Up4De0zQF3.kKs7E4ynG','Elisângela de Campos',1,NULL,NULL,NULL,1,'2017-12-18 16:51:32','2017-12-18 16:51:32','200.17.211.113','200.17.211.113','2017-12-15 13:46:21','2018-03-14 14:45:12','Elisângela'),(25,'41999296509','ewkaras@gmail.com','$2a$11$0tBPq4GusHZBdgioaYn/I.oxZDYtxC/9H3C20eBr8drJarMmC6hRu','Elizabeth Wegner Karas ',1,NULL,NULL,NULL,6,'2018-03-09 20:05:45','2018-02-19 01:13:08','200.17.211.124','2001:1284:f013:6add:9922:1cd:a35e:5d49','2017-12-15 13:46:22','2018-03-14 14:45:28','Elizabeth'),(26,'988081328','favilasi@gmail.com','$2a$11$H.YcCUJuCJd9bV261iFBReG3ijDdJXYC0PIyzx4lsVWzdLahg1pBe','Fernando de Ávila Silva',1,NULL,NULL,NULL,6,'2018-02-28 13:58:24','2018-02-27 21:15:52','200.17.211.73','200.17.211.73','2017-12-15 13:46:22','2018-03-14 14:46:45','Fernando'),(27,'3361-3026','grapiglia@ufpr.br','$2a$11$UjnFFSv4zKbu47pLzYFtjOSLk6JfYcbLkUliTYs3BcXKW6X2M8GLW','Geovani Nunes Grapiglia',1,NULL,NULL,NULL,1,'2017-12-19 00:04:25','2017-12-19 00:04:25','2804:14c:7b80:1605:81b2:26cf:b833:1f9c','2804:14c:7b80:1605:81b2:26cf:b833:1f9c','2017-12-15 13:46:22','2018-03-14 14:46:56','Geovani'),(28,NULL,'heilywagner@gmail.com','$2a$11$4SaM7qp99Q8r5WMxXGkK4egsUhTNxtUa5.0r3istBigsroB1L/rcm','Heily Wagner ',1,NULL,NULL,NULL,5,'2018-03-09 13:08:14','2018-03-02 18:39:53','200.17.211.166','200.17.211.166','2017-12-15 13:46:22','2018-03-14 14:48:27','Heily'),(29,'41 999004495','higidiop@gmail.com','$2a$11$Omkfb6OoqWsW9iIV5POQNuCAO8CH0qYPNYDs34oyRjk3XeXj1kBx6','Higidio Portillo Oquendo ',1,NULL,NULL,NULL,4,'2018-02-26 11:32:56','2017-12-18 12:35:48','200.17.211.121','2804:7f4:3b80:d48f:60a4:9d07:94e2:8b9e','2017-12-15 13:46:23','2018-03-14 14:48:36','Higídio'),(30,'(21) 979698619','hudson04br@gmail.com','$2a$11$mxmbxCipDYEsZpie2QN3luE/Loym8mtG8kLKWiuguK2fYoSkhO7ta','Hudson Lima',1,NULL,NULL,NULL,14,'2018-02-28 17:34:43','2018-02-28 17:34:18','200.17.203.99','200.17.203.99','2017-12-15 13:46:23','2018-03-14 14:48:45','Hudson'),(31,'91466191','aramos27@gmail.com','$2a$11$qNTdG3ki/JpMjZRJm1Ki2u7sxu3Kij77DOTajDIx6rJsXPFc5tNVW','Jose Alberto Ramos Flor',1,NULL,NULL,NULL,7,'2018-03-09 15:40:02','2018-03-09 14:47:31','200.17.211.196','200.17.211.196','2017-12-15 13:46:23','2018-03-14 14:48:59','José Alberto'),(32,'996159542','carrer@ufpr.br','$2a$11$6lLI/Q9GdkRmwID2.dy6aeMk7H5KRDOxVqFVyeTEzR9RPQ1Y6aAx2','José Antonio Marques Carrer',1,NULL,NULL,NULL,3,'2018-03-07 14:02:47','2017-12-18 12:31:08','200.17.222.69','200.17.222.69','2017-12-15 13:46:23','2018-03-14 14:49:13','Carrer'),(33,'(41) 3013-7091','jccifa@gmail.com','$2a$11$Aq/HMAHMAUzFyV4iWRZJVuyRXzO5YfI1gsR/7AVngsK8GsUkRcAzW','José Carlos Cifuentes Vasquez ',1,NULL,NULL,NULL,8,'2017-12-19 15:00:32','2017-12-19 10:50:14','177.96.120.120','2804:7f4:3085:eabe::1','2017-12-15 13:46:24','2018-03-14 14:49:33','Cifuentes'),(34,'99551-6725','zeca77@gmail.com','$2a$11$tUOAc9GDXNm6No.O0jndguU9Pe6QMnBHdpoxcqHaZGkEfPz6Frfdm','José Carlos Corrêa Eidam',1,NULL,NULL,NULL,13,'2018-05-17 17:38:42','2018-05-04 19:23:00','200.17.211.91','200.17.211.91','2017-12-15 13:46:24','2018-05-17 17:38:42','Eidam'),(35,'(41)999962455','jjrossettoufpr@gmail.com','$2a$11$yg8fODdJYtHipEz/MZ7/xOTBPQYf/kpHXe9wbWtCVYDQ1wn7H1iWu','José João Rossetto',1,NULL,NULL,NULL,5,'2018-02-20 10:51:54','2017-12-19 11:38:16','200.17.211.92','200.17.211.92','2017-12-15 13:46:24','2018-03-14 14:50:12','Rossetto'),(36,'+5541991743444','jrrb.spock@gmail.com','$2a$11$i74CLWOGWwNwMMGzm8J0UOOgJvDZSxmhNZQrK/rHYzmBHURt7M38O','José Renato Ramos Barbosa ',1,'0c7fcafee5e8e8e4a6aa3a166dce423b36f12365c5b10b405954e53d01dad64f','2018-02-26 22:32:21',NULL,4,'2018-02-26 22:33:43','2018-02-19 18:10:55','200.17.211.100','200.17.211.100','2017-12-15 13:46:24','2018-03-14 14:50:24','José Renato'),(37,'(41) 98403 4842','jcvb@ufpr.br','$2a$11$76nOGhtaVFqzdfutwevafObW6RS2A8TY.dS/6ynG6DSY4uuvikk3i','Juan Carlos Vila Bravo',1,NULL,NULL,NULL,3,'2017-12-18 15:09:35','2017-12-18 14:08:45','189.73.47.207','189.73.47.207','2017-12-15 13:46:25','2018-03-14 14:50:32','Juan'),(38,'(41) 99919-9080','ceccon@ufpr.br','$2a$11$Svl0r0drdoWXC0BDHHDXH./afAW178TQWaz9xrPB81K9lQ3fMueRi','Jurandir Ceccon',1,NULL,NULL,NULL,5,'2018-02-28 13:34:33','2018-02-27 21:15:53','200.17.211.146','200.17.211.146','2017-12-15 13:46:25','2018-03-14 14:50:41','Jurandir'),(39,'988123168','lhu@ufpr.br','$2a$11$qepWff5n65qMoeyqsAeKQekAWQEWtpUN2OX3Uf9N1tl8m/3fyor0.','Liangzhong Hu',1,NULL,NULL,NULL,11,'2018-03-08 18:53:37','2018-03-08 17:38:59','200.17.211.111','200.17.211.111','2017-12-15 13:46:25','2018-03-14 14:50:50','Hu'),(40,'41999449926','l.gramani@gmail.com','$2a$11$0juzhYI2idn3CXlEixDVyOiVuQPtTz/HyHWgZNWeVV/mWGsfabsZm','Liliana Madalena Gramani',1,NULL,NULL,NULL,1,'2017-12-19 01:32:03','2017-12-19 01:32:03','179.107.132.22','179.107.132.22','2017-12-15 13:46:25','2018-03-14 14:50:58','Liliana'),(41,'985157451','pedroso.lgp@gmail.com','$2a$11$6p9v2Eu1Crj4lqraVTXFDuo6iaO/Y32ajsR7B57JpUxakWej4oI7O','Lucas Garcia Pedroso',1,NULL,NULL,NULL,6,'2018-02-23 12:37:04','2018-02-19 13:18:34','177.220.175.21','2001:1284:f01c:49f1:cdab:9901:e167:aba1','2017-12-15 13:46:25','2018-03-14 14:51:24','Lucas'),(42,'41991556658','lucelina.bs@gmail.com','$2a$11$DpkHqBQJNqRbRX9grvixtuj8wZZzBU5rAq9K.VpP9IFucwpfcpgsK','Lucelina Batista dos Santos',1,'8d8a60f3d56950a84afc490c022f793be15488f6d714eccc43e2fa18a05fe54a','2017-12-15 19:08:20',NULL,6,'2018-02-16 15:21:04','2017-12-20 13:10:22','200.17.211.89','200.17.211.89','2017-12-15 13:46:26','2018-03-14 14:51:32','Lucelina'),(43,'992380571','lars29@gmail.com','$2a$11$htthZOKhmR3z5Yw6n23d7e164MoUk7OqhYQr3sqdgpm6OR7Tivh36','Luiz Antônio Ribeiro de Santana',1,NULL,NULL,NULL,1,'2017-12-18 21:24:06','2017-12-18 21:24:06','200.17.211.120','200.17.211.120','2017-12-15 13:46:26','2018-03-14 14:51:12','Luiz Antônio'),(44,'984085404','lcmatioli@gmail.com','$2a$11$gewiNxxJXVqcxBVpJVN3z.k3ubllHb.5bZ9QaiB3AYf5DVwWyE8MG','Luiz Carlos Matioli',1,NULL,NULL,NULL,1,'2017-12-18 19:34:02','2017-12-18 19:34:02','131.0.216.188','131.0.216.188','2017-12-15 13:46:26','2018-03-14 14:51:43','Matioli'),(45,'991694723','maelsachine@gmail.com','$2a$11$3WbRW3gaJIkXh9JQQtYaT.L10x2tm4yi60XV38hz14txZDVbisyf6','Mael Sachine',1,NULL,NULL,NULL,7,'2018-02-27 13:07:39','2017-12-18 13:06:36','200.17.211.36','200.17.211.36','2017-12-15 13:46:26','2018-03-14 14:51:54','Mael'),(46,'999683908','barreda@ufpr.br','$2a$11$8nYf9bhombE21U8xrD6iQOcJ8ALi02ccjcY9vnv6lD0G8xyQq/r3i','Manuel Jesus Cruz Barreda',1,NULL,NULL,NULL,3,'2018-03-07 14:37:30','2018-03-02 16:07:30','200.17.211.88','200.17.211.88','2017-12-15 13:46:27','2018-03-14 14:52:05','Barreda'),(47,'996780245','mmunizbr@gmail.com','$2a$11$Q3e0Cw2Dtx3aj2AgtPRWV.c0CX0.nvWRu6R56h4PRLPk22QjYeR6a','Marcelo Muniz Silva Alves ',1,NULL,NULL,NULL,4,'2018-02-24 20:28:23','2018-02-23 20:53:51','189.26.24.18','200.17.211.87','2017-12-15 13:46:27','2018-03-14 14:52:16','Marcelo'),(48,'41992690615','matheus.bb@gmail.com','$2a$11$kG8NQFGLmLHPPT0FxmHgeemFXzoQh27Cp0utD822MiX7OEbW4EECS','Matheus Batagini Brito',1,'1eec23998fdae19991ad725aad0be02f6be22f4db738fbb20b9ae317ba2942f5','2018-02-17 14:55:09',NULL,6,'2018-02-17 14:56:11','2017-12-19 15:34:37','191.177.187.171','200.17.211.130','2017-12-15 13:46:27','2018-03-14 14:52:24','Matheus'),(49,'(41)9 8405 8660','brahicolivier@gmail.com','$2a$11$eKbitIcrqXuRBZcwf3jwZeSTneHZI58KiN/IGWo07ZzFzWUOlSM2q','Olivier Brahic ',1,NULL,NULL,NULL,6,'2018-02-28 14:51:59','2018-02-20 11:41:47','200.17.211.35','200.17.211.35','2017-12-15 13:46:27','2018-03-14 14:52:36','Olivier'),(50,'41 998920746','paularlcouto@gmail.com','$2a$11$ct4Rij.3ZbzhGKJpL9hYy.Y6n2esUWQBkpWVooKFgJC5nYLhHfQzu','Paula Rogeria Lima Couto ',1,NULL,NULL,NULL,4,'2018-03-09 01:46:46','2018-02-21 13:56:49','191.177.31.78','2804:14c:87c3:8667:f97f:a51f:fd8b:60ca','2017-12-15 13:46:28','2018-03-14 14:52:44','Paula'),(51,'998683128','pddamazio@gmail.com','$2a$11$fRJzQwV5/9ARbbB3Xuh0keUsCgoVS7lD85SW9GRJ/tBvq5H8qRkDq','Pedro Danizete Damázio ',1,NULL,NULL,NULL,7,'2018-02-27 21:58:13','2017-12-18 15:46:30','168.181.49.231','2001:1284:f013:dbc4:147d:ec0e:d595:7cf0','2017-12-15 13:46:28','2018-03-14 14:52:52','Pedro'),(52,'41-984038697','raulprado@ufpr.br','$2a$11$EE2mu7AJry4zoe2vxZeuZ.Oa1gLOf9XjZFtlpQG4RgnhIc0sGj3hS','Raul Prado Raya ',1,NULL,NULL,NULL,6,'2018-05-09 18:50:28','2018-05-02 15:01:38','200.17.211.97','200.17.211.97','2017-12-15 13:46:28','2018-05-09 18:50:28','Raul'),(53,'41 998416507','pettresroberto@gmail.com','$2a$11$dEhxboE/llfL00go1QLbWOl1ArVI12IHb9DNSRA8ThitzsaCfFEpm','Roberto Pettres',1,NULL,NULL,NULL,4,'2018-02-20 15:18:53','2017-12-18 14:17:09','200.17.209.11','45.4.238.235','2017-12-15 13:46:28','2018-03-14 14:53:09','Pettres'),(54,NULL,'robertoufs@gmail.com','$2a$11$8JH7rlQuwsy4SpRGoQP.SOzao9rY5ghRiMjHCVn.7P9bD5b/mp/Nq','Roberto Ribeiro Santos Junior',1,NULL,NULL,NULL,2,'2017-12-15 15:05:17','2017-12-15 15:04:21','200.17.211.125','200.17.211.125','2017-12-15 13:46:29','2018-03-14 14:53:18','Roberto'),(55,'988812012','ristow@ufpr.br','$2a$11$Oem7uYdAJ9ZxRjspSz6tR.UVAoKHIq3d9aUGZDex9nqlab7EIRgIe','Rodrigo Ristow Montes',1,NULL,NULL,NULL,40,'2018-03-10 22:32:43','2018-03-09 23:31:20','189.32.30.148','189.32.30.148','2017-12-15 13:46:29','2018-03-14 14:53:29','Rodrigo'),(56,'41 99658 9973','saulopo@yahoo.com','$2a$11$.D0Bt6IktTKylsymFzQM8ur4g3.z6101BdJwCEMsvepG7G9xIbCTa','Saulo Pomponet Oliveira ',1,NULL,NULL,NULL,14,'2018-02-21 13:49:54','2018-02-21 12:59:50','200.17.211.219','200.17.211.219','2017-12-15 13:46:29','2018-03-14 14:53:40','Saulo'),(57,'(41)995530996','tanpierin@gmail.com','$2a$11$NXOxFG5Et.S/ero6u3IVseK92YapXr8eznVasKgjgh5.TCflq7w2a','Tanise Carnieri Pierin',1,NULL,NULL,NULL,3,'2018-02-28 20:28:01','2017-12-15 19:24:41','200.17.211.173','2804:14c:8793:9b46:58bd:ac93:8137:fe4','2017-12-15 13:46:29','2018-03-14 14:53:49','Tanise'),(58,'41992610627','xmu7ic@gmail.com','$2a$11$/gcFRIyCOlFuJNHWg2afzO7jWqJcRonW8XpB.kYJg9sexLNwTs0SG','Ximena Mujica Serdio',1,NULL,NULL,NULL,9,'2018-05-08 16:27:11','2018-05-08 16:25:01','200.17.203.99','200.17.203.99','2017-12-15 13:46:30','2018-05-08 16:27:12','Ximena'),(59,'3400','yuanjy@gmail.com','$2a$11$NhnD.09u.tBSCKNrKbKHj.zUWHfJ44Yj6.U4rbveeO2rj3UCdC3wy','Yuan Jin Yun',1,NULL,NULL,NULL,2,'2017-12-18 13:46:37','2017-12-18 11:23:50','200.17.211.157','200.17.211.157','2017-12-15 13:46:30','2018-03-14 14:54:05','Yuan'),(60,NULL,'eugeniamartin@gmail.com','$2a$11$/BH0wSSRXKklJj0tt2G2QOQCD3yAfhRP5yz/nNktQkm3QG4s55Ba.','Maria Eugênia Martin',1,'a521307eb3631bc3756dace55ed9ff8cb44d510631c1569ca433496519d75fcc','2018-05-08 12:58:03',NULL,6,'2018-05-08 13:19:41','2018-03-07 21:12:21','200.17.213.67','191.177.185.9','2017-12-21 16:17:02','2018-05-08 13:19:41','Maria Eugênia'),(61,NULL,'kally.chung@ufpr.br','$2a$11$utkQt6OAwZoYoYq1junlxOc5iwr8R5Ix3DPfZat/nID/sJ4Beus4e','Kally Chung',0,NULL,NULL,NULL,0,NULL,NULL,NULL,NULL,'2017-12-21 16:19:21','2018-03-14 14:54:24','Kally'),(62,NULL,'naodefinido000@gmail.com','$2a$11$aaf2Xf1Yjplc4zf8iludqutBzA1kpwsTplhXek0wH9j3pYcLC4ll2','Não definido',0,NULL,NULL,NULL,0,NULL,NULL,NULL,NULL,'2018-02-16 14:29:20','2018-02-16 14:30:14',NULL),(63,NULL,'americo_vieira@yahoo.com.br','$2a$11$W0YZdB1MHVRDaSIxAcD7/uuJefz7A99RTNS/9gxpGEyGSnT7.vBE6','Americo Augusto Nogueira Vieira',1,NULL,NULL,NULL,0,NULL,NULL,NULL,NULL,'2018-03-02 15:07:12','2018-03-14 14:54:31','Américo');
/*!40000 ALTER TABLE `users` ENABLE KEYS */;
UNLOCK TABLES;

--
-- Table structure for table `users_roles`
--

DROP TABLE IF EXISTS `users_roles`;
/*!40101 SET @saved_cs_client     = @@character_set_client */;
/*!40101 SET character_set_client = utf8 */;
CREATE TABLE `users_roles` (
  `user_id` int(11) DEFAULT NULL,
  `role_id` int(11) DEFAULT NULL,
  KEY `index_users_roles_on_user_id_and_role_id` (`user_id`,`role_id`)
) ENGINE=InnoDB DEFAULT CHARSET=utf8;
/*!40101 SET character_set_client = @saved_cs_client */;

--
-- Dumping data for table `users_roles`
--

LOCK TABLES `users_roles` WRITE;
/*!40000 ALTER TABLE `users_roles` DISABLE KEYS */;
INSERT INTO `users_roles` VALUES (1,1),(2,1),(2,2),(3,1),(3,3),(4,4),(5,1),(6,1),(7,1),(7,2),(8,1),(9,1),(10,1),(11,1),(12,1),(13,1),(14,1),(14,3),(15,1),(16,1),(17,1),(18,1),(18,3),(19,1),(20,1),(20,3),(21,1),(22,1),(23,1),(24,1),(25,1),(26,1),(27,1),(28,1),(29,1),(30,1),(31,1),(32,1),(33,1),(34,1),(34,3),(35,1),(36,1),(37,1),(38,1),(39,1),(40,1),(41,1),(42,1),(42,3),(43,1),(44,1),(45,1),(46,1),(47,1),(48,1),(49,1),(50,1),(51,1),(52,1),(52,3),(53,1),(54,1),(55,1),(56,1),(57,1),(58,1),(58,3),(59,1),(60,1),(60,3),(61,1),(62,1),(63,1);
/*!40000 ALTER TABLE `users_roles` ENABLE KEYS */;
UNLOCK TABLES;

--
-- Table structure for table `wishes`
--

DROP TABLE IF EXISTS `wishes`;
/*!40101 SET @saved_cs_client     = @@character_set_client */;
/*!40101 SET character_set_client = utf8 */;
CREATE TABLE `wishes` (
  `id` int(11) NOT NULL AUTO_INCREMENT,
  `option_id` int(11) DEFAULT NULL,
  `user_id` int(11) DEFAULT NULL,
  `priority` int(11) DEFAULT NULL,
  `created_at` datetime NOT NULL,
  `updated_at` datetime NOT NULL,
  `semester_id` int(11) DEFAULT NULL,
  PRIMARY KEY (`id`),
  KEY `index_wishes_on_option_id` (`option_id`),
  KEY `index_wishes_on_user_id` (`user_id`),
  KEY `semester_id` (`semester_id`),
  CONSTRAINT `fk_rails_0b6d9b0e70` FOREIGN KEY (`option_id`) REFERENCES `options` (`id`),
  CONSTRAINT `fk_rails_80dc2ed976` FOREIGN KEY (`user_id`) REFERENCES `users` (`id`),
  CONSTRAINT `wishes_ibfk_1` FOREIGN KEY (`semester_id`) REFERENCES `semesters` (`id`)
) ENGINE=InnoDB AUTO_INCREMENT=389 DEFAULT CHARSET=utf8;
/*!40101 SET character_set_client = @saved_cs_client */;

--
-- Dumping data for table `wishes`
--

LOCK TABLES `wishes` WRITE;
/*!40000 ALTER TABLE `wishes` DISABLE KEYS */;
INSERT INTO `wishes` VALUES (1,41,34,1,'2017-12-15 13:53:24','2018-02-22 14:10:35',1),(2,29,34,2,'2017-12-15 13:53:42','2018-02-22 14:10:35',1),(3,45,34,3,'2017-12-15 13:54:19','2018-02-22 14:10:35',1),(4,40,5,1,'2017-12-15 13:54:27','2018-02-22 14:10:35',1),(5,47,34,4,'2017-12-15 13:54:32','2018-02-22 14:10:35',1),(6,15,5,2,'2017-12-15 13:54:46','2018-02-22 14:10:35',1),(7,36,5,3,'2017-12-15 13:55:01','2018-02-22 14:10:35',1),(14,61,5,4,'2017-12-15 14:04:09','2018-02-22 14:10:35',1),(18,56,5,5,'2017-12-15 14:41:24','2018-02-22 14:10:35',1),(19,9,45,1,'2017-12-15 14:44:01','2018-02-22 14:10:35',1),(20,58,45,2,'2017-12-15 14:48:59','2018-02-22 14:10:35',1),(21,25,45,3,'2017-12-15 14:49:26','2018-02-22 14:10:36',1),(22,65,45,4,'2017-12-15 14:49:55','2018-02-22 14:10:36',1),(23,26,45,5,'2017-12-15 14:50:15','2018-02-22 14:10:36',1),(24,55,6,1,'2017-12-15 15:02:08','2018-02-22 14:10:36',1),(27,2,48,4,'2017-12-15 15:07:06','2018-02-22 14:10:36',1),(30,25,48,3,'2017-12-15 15:07:34','2018-02-22 14:10:36',1),(33,90,26,1,'2017-12-15 15:09:06','2018-02-22 14:10:36',1),(34,32,26,2,'2017-12-15 15:09:40','2018-02-22 14:10:36',1),(35,25,6,2,'2017-12-15 15:09:44','2018-02-22 14:10:36',1),(36,34,26,3,'2017-12-15 15:09:51','2018-02-22 14:10:36',1),(38,85,54,1,'2017-12-15 15:10:49','2018-02-22 14:10:36',1),(40,31,26,4,'2017-12-15 15:11:01','2018-02-22 14:10:36',1),(41,24,6,3,'2017-12-15 15:11:30','2018-02-22 14:10:36',1),(42,60,26,5,'2017-12-15 15:11:46','2018-02-22 14:10:36',1),(43,54,6,4,'2017-12-15 15:14:54','2018-02-22 14:10:36',1),(45,64,54,2,'2017-12-15 15:21:28','2018-02-22 14:10:36',1),(46,24,54,3,'2017-12-15 15:22:21','2018-02-22 14:10:36',1),(47,31,48,2,'2017-12-15 15:27:14','2018-02-22 14:10:37',1),(48,88,48,1,'2017-12-15 15:27:34','2018-02-22 14:10:37',1),(49,1,54,4,'2017-12-15 15:27:53','2018-02-22 14:10:37',1),(50,26,54,5,'2017-12-15 15:30:15','2018-02-22 14:10:37',1),(51,91,38,1,'2017-12-15 15:37:17','2018-02-22 14:10:37',1),(52,38,38,2,'2017-12-15 15:40:07','2018-02-22 14:10:37',1),(53,8,6,5,'2017-12-15 15:42:05','2018-02-22 14:10:37',1),(54,45,38,3,'2017-12-15 15:42:36','2018-02-22 14:10:37',1),(55,21,38,4,'2017-12-15 15:43:21','2018-02-22 14:10:37',1),(56,17,38,5,'2017-12-15 15:46:21','2018-02-22 14:10:37',1),(57,32,18,1,'2017-12-15 15:47:58','2018-02-22 14:10:37',1),(58,82,18,2,'2017-12-15 15:49:23','2018-02-22 14:10:37',1),(59,79,58,1,'2017-12-15 15:56:14','2018-02-22 14:10:37',1),(60,80,58,2,'2017-12-15 15:56:41','2018-02-22 14:10:37',1),(61,4,58,3,'2017-12-15 15:58:46','2018-02-22 14:10:37',1),(62,2,58,4,'2017-12-15 15:59:04','2018-02-22 14:10:37',1),(63,3,58,5,'2017-12-15 15:59:16','2018-02-22 14:10:37',1),(66,53,17,1,'2017-12-15 16:04:05','2018-02-22 14:10:37',1),(70,47,47,1,'2017-12-15 16:10:10','2018-02-22 14:10:37',1),(71,48,47,2,'2017-12-15 16:10:25','2018-02-22 14:10:38',1),(72,3,47,3,'2017-12-15 16:11:41','2018-02-22 14:10:38',1),(75,34,31,1,'2017-12-15 16:15:38','2018-02-22 14:10:38',1),(76,32,31,2,'2017-12-15 16:16:01','2018-02-22 14:10:38',1),(78,67,31,3,'2017-12-15 16:21:18','2018-02-22 14:10:38',1),(79,60,31,4,'2017-12-15 16:21:43','2018-02-22 14:10:38',1),(80,54,31,5,'2017-12-15 16:22:11','2018-02-22 14:10:38',1),(81,45,47,4,'2017-12-15 16:25:27','2018-02-22 14:10:38',1),(82,46,47,5,'2017-12-15 16:25:38','2018-02-22 14:10:38',1),(85,49,20,1,'2017-12-15 16:48:34','2018-02-22 14:10:38',1),(86,50,20,2,'2017-12-15 16:49:07','2018-02-22 14:10:38',1),(87,1,20,3,'2017-12-15 16:52:30','2018-02-22 14:10:38',1),(92,94,12,1,'2017-12-15 17:17:05','2018-02-22 14:10:38',1),(101,56,46,1,'2017-12-15 17:39:06','2018-02-22 14:10:38',1),(102,69,46,2,'2017-12-15 17:39:52','2018-02-22 14:10:38',1),(103,72,46,3,'2017-12-15 17:40:25','2018-02-22 14:10:38',1),(104,29,46,4,'2017-12-15 17:42:43','2018-02-22 14:10:38',1),(105,66,46,5,'2017-12-15 17:46:51','2018-02-22 14:10:38',1),(110,3,20,4,'2017-12-15 18:16:42','2018-02-22 14:10:38',1),(111,31,20,5,'2017-12-15 18:17:40','2018-02-22 14:10:39',1),(112,63,53,1,'2017-12-15 18:18:23','2018-02-22 14:10:39',1),(113,3,29,2,'2017-12-15 18:19:36','2018-02-22 14:10:39',1),(114,28,21,1,'2017-12-15 18:20:34','2018-02-22 14:10:39',1),(115,17,29,3,'2017-12-15 18:20:42','2018-02-22 14:10:39',1),(116,32,29,4,'2017-12-15 18:21:14','2018-02-22 14:10:39',1),(117,65,53,2,'2017-12-15 18:22:11','2018-02-22 14:10:39',1),(118,10,21,2,'2017-12-15 18:24:44','2018-02-22 14:10:39',1),(119,55,21,3,'2017-12-15 18:26:08','2018-02-22 14:10:39',1),(120,67,53,3,'2017-12-15 18:26:37','2018-02-22 14:10:39',1),(121,12,21,4,'2017-12-15 18:26:42','2018-02-22 14:10:39',1),(122,61,21,5,'2017-12-15 18:28:43','2018-02-22 14:10:39',1),(123,34,29,5,'2017-12-15 18:32:04','2018-02-22 14:10:39',1),(124,68,53,4,'2017-12-15 18:34:31','2018-02-22 14:10:39',1),(125,26,53,5,'2017-12-15 18:39:01','2018-02-22 14:10:39',1),(128,66,9,2,'2017-12-15 18:50:42','2018-02-22 14:10:39',1),(130,98,9,1,'2017-12-15 18:53:55','2018-02-22 14:10:39',1),(131,74,9,3,'2017-12-15 18:54:39','2018-02-22 14:10:39',1),(134,55,9,4,'2017-12-15 18:59:57','2018-02-22 14:10:40',1),(135,63,9,5,'2017-12-15 19:00:41','2018-02-22 14:10:40',1),(136,97,11,1,'2017-12-15 19:06:21','2018-02-22 14:10:40',1),(148,33,11,2,'2017-12-15 19:24:50','2018-02-22 14:10:40',1),(150,33,30,1,'2017-12-15 19:25:44','2018-02-22 14:10:40',1),(154,10,57,1,'2017-12-15 19:26:57','2018-02-22 14:10:40',1),(157,6,11,3,'2017-12-15 19:28:51','2018-02-22 14:10:40',1),(159,83,57,2,'2017-12-15 19:29:18','2018-02-22 14:10:40',1),(160,8,57,3,'2017-12-15 19:30:14','2018-02-22 14:10:40',1),(161,25,57,4,'2017-12-15 19:31:15','2018-02-22 14:10:40',1),(162,27,11,4,'2017-12-15 19:31:33','2018-02-22 14:10:40',1),(164,76,11,5,'2017-12-15 19:33:25','2018-02-22 14:10:40',1),(166,68,57,5,'2017-12-15 19:34:00','2018-02-22 14:10:40',1),(169,4,42,1,'2017-12-15 19:49:15','2018-02-22 14:10:40',1),(170,26,42,2,'2017-12-15 19:49:40','2018-02-22 14:10:40',1),(173,56,42,3,'2017-12-15 19:50:56','2018-02-22 14:10:40',1),(174,63,42,4,'2017-12-15 19:51:28','2018-02-22 14:10:40',1),(176,69,42,5,'2017-12-15 19:56:18','2018-02-22 14:10:41',1),(179,99,13,1,'2017-12-15 20:29:37','2018-02-22 14:10:41',1),(180,7,8,1,'2017-12-15 20:39:52','2018-02-22 14:10:41',1),(182,6,8,3,'2017-12-15 20:45:00','2018-02-22 14:10:41',1),(183,53,8,4,'2017-12-15 20:45:40','2018-02-22 14:10:41',1),(184,52,8,2,'2017-12-15 20:46:28','2018-02-22 14:10:41',1),(185,59,8,5,'2017-12-15 20:48:17','2018-02-22 14:10:41',1),(189,29,19,1,'2017-12-15 21:14:17','2018-02-22 14:10:41',1),(193,35,15,1,'2017-12-15 21:17:52','2018-02-22 14:10:41',1),(197,60,19,2,'2017-12-15 21:21:52','2018-02-22 14:10:41',1),(200,3,15,3,'2017-12-15 21:26:47','2018-02-22 14:10:41',1),(201,54,15,5,'2017-12-15 21:27:44','2018-02-22 14:10:41',1),(202,33,19,3,'2017-12-15 21:35:46','2018-02-22 14:10:41',1),(204,54,19,4,'2017-12-15 21:43:11','2018-02-22 14:10:41',1),(205,23,19,5,'2017-12-15 21:53:41','2018-02-22 14:10:41',1),(206,38,55,1,'2017-12-15 22:00:52','2018-02-22 14:10:41',1),(213,45,18,3,'2017-12-16 05:00:51','2018-02-22 14:10:41',1),(214,38,18,4,'2017-12-16 05:05:23','2018-02-22 14:10:41',1),(215,41,18,5,'2017-12-16 05:09:36','2018-02-22 14:10:41',1),(216,31,49,1,'2017-12-16 09:16:02','2018-02-22 14:10:42',1),(217,2,49,2,'2017-12-16 09:19:45','2018-02-22 14:10:42',1),(218,1,49,3,'2017-12-16 09:19:52','2018-02-22 14:10:42',1),(219,3,49,4,'2017-12-16 09:21:15','2018-02-22 14:10:42',1),(220,23,48,5,'2017-12-16 09:57:40','2018-02-22 14:10:42',1),(231,10,49,5,'2017-12-16 18:24:22','2018-02-22 14:10:42',1),(232,43,25,1,'2017-12-17 13:37:32','2018-02-22 14:10:42',1),(233,93,25,2,'2017-12-17 13:38:12','2018-02-22 14:10:42',1),(234,40,25,3,'2017-12-17 13:43:48','2018-02-22 14:10:42',1),(235,24,25,4,'2017-12-17 13:50:15','2018-02-22 14:10:42',1),(236,25,25,5,'2017-12-17 13:50:55','2018-02-22 14:10:42',1),(238,7,33,2,'2017-12-17 15:30:22','2018-02-22 14:10:42',1),(240,44,33,3,'2017-12-17 15:44:04','2018-02-22 14:10:42',1),(241,45,33,1,'2017-12-17 15:45:01','2018-02-22 14:10:42',1),(243,34,33,4,'2017-12-17 15:51:09','2018-02-22 14:10:42',1),(244,47,33,5,'2017-12-17 15:52:10','2018-02-22 14:10:42',1),(252,57,39,1,'2017-12-18 10:41:43','2018-02-22 14:10:42',1),(258,60,39,2,'2017-12-18 11:09:51','2018-02-22 14:10:42',1),(259,15,39,3,'2017-12-18 11:10:33','2018-02-22 14:10:42',1),(260,9,39,4,'2017-12-18 11:10:53','2018-02-22 14:10:43',1),(261,2,39,5,'2017-12-18 11:11:14','2018-02-22 14:10:43',1),(262,8,32,1,'2017-12-18 11:42:39','2018-02-22 14:10:43',1),(263,1,29,1,'2017-12-18 12:37:34','2018-02-22 14:10:43',1),(264,1,14,4,'2017-12-18 13:01:07','2018-02-22 14:10:43',1),(265,65,56,1,'2017-12-18 13:05:04','2018-02-22 14:10:43',1),(268,74,56,3,'2017-12-18 13:07:09','2018-02-22 14:10:43',1),(271,37,56,4,'2017-12-18 13:07:56','2018-02-22 14:10:43',1),(273,8,14,3,'2017-12-18 13:15:30','2018-02-22 14:10:43',1),(275,36,59,1,'2017-12-18 13:51:02','2018-02-22 14:10:43',1),(276,28,59,2,'2017-12-18 13:51:23','2018-02-22 14:10:43',1),(277,3,59,3,'2017-12-18 13:51:51','2018-02-22 14:10:43',1),(278,46,30,2,'2017-12-18 13:52:12','2018-02-22 14:10:43',1),(279,39,59,4,'2017-12-18 13:52:56','2018-02-22 14:10:43',1),(280,73,59,5,'2017-12-18 13:53:13','2018-02-22 14:10:43',1),(281,29,30,3,'2017-12-18 13:56:15','2018-02-22 14:10:43',1),(283,37,23,2,'2017-12-18 13:59:33','2018-02-22 14:10:43',1),(284,2,23,3,'2017-12-18 13:59:42','2018-02-22 14:10:43',1),(287,56,23,4,'2017-12-18 14:04:28','2018-02-22 14:10:43',1),(288,48,30,4,'2017-12-18 14:04:38','2018-02-22 14:10:43',1),(289,50,30,5,'2017-12-18 14:05:12','2018-02-22 14:10:44',1),(291,15,37,1,'2017-12-18 14:14:14','2018-02-22 14:10:44',1),(292,61,37,2,'2017-12-18 14:31:41','2018-02-22 14:10:44',1),(293,19,37,3,'2017-12-18 14:34:50','2018-02-22 14:10:44',1),(294,76,37,4,'2017-12-18 14:44:09','2018-02-22 14:10:44',1),(296,39,37,5,'2017-12-18 14:56:08','2018-02-22 14:10:44',1),(299,3,52,5,'2017-12-18 15:00:42','2018-02-22 14:10:44',1),(300,4,52,3,'2017-12-18 15:02:08','2018-02-22 14:10:44',1),(301,22,52,1,'2017-12-18 15:02:54','2018-02-22 14:10:44',1),(302,15,52,2,'2017-12-18 15:04:07','2018-02-22 14:10:44',1),(303,16,52,4,'2017-12-18 15:06:44','2018-02-22 14:10:44',1),(304,92,51,1,'2017-12-18 15:42:41','2018-02-22 14:10:44',1),(309,21,51,2,'2017-12-18 15:50:44','2018-02-22 14:10:44',1),(310,17,51,3,'2017-12-18 15:51:46','2018-02-22 14:10:44',1),(311,20,51,4,'2017-12-18 15:52:13','2018-02-22 14:10:44',1),(312,3,51,5,'2017-12-18 15:52:24','2018-02-22 14:10:44',1),(313,52,24,1,'2017-12-18 16:54:44','2018-02-22 14:10:44',1),(314,51,24,2,'2017-12-18 16:55:02','2018-02-22 14:10:44',1),(315,8,41,1,'2017-12-18 16:57:54','2018-02-22 14:10:45',1),(316,56,41,2,'2017-12-18 16:58:38','2018-02-22 14:10:45',1),(317,58,41,3,'2017-12-18 16:59:32','2018-02-22 14:10:45',1),(318,9,41,4,'2017-12-18 16:59:48','2018-02-22 14:10:45',1),(319,40,41,5,'2017-12-18 16:59:57','2018-02-22 14:10:45',1),(320,48,24,3,'2017-12-18 17:00:21','2018-02-22 14:10:45',1),(321,23,24,4,'2017-12-18 17:00:52','2018-02-22 14:10:45',1),(322,51,22,1,'2017-12-18 17:02:34','2018-02-22 14:10:45',1),(323,23,22,2,'2017-12-18 17:08:39','2018-02-22 14:10:45',1),(324,81,23,1,'2017-12-18 17:11:20','2018-02-22 14:10:45',1),(325,62,23,5,'2017-12-18 17:14:58','2018-02-22 14:10:45',1),(329,26,24,5,'2017-12-18 17:20:58','2018-02-22 14:10:45',1),(330,72,22,4,'2017-12-18 17:28:52','2018-02-22 14:10:45',1),(332,60,22,5,'2017-12-18 17:50:53','2018-02-22 14:10:45',1),(333,16,50,1,'2017-12-18 18:54:31','2018-02-22 14:10:45',1),(334,30,50,2,'2017-12-18 18:54:57','2018-02-22 14:10:45',1),(336,8,15,2,'2017-12-18 19:57:29','2018-02-22 14:10:45',1),(337,1,15,4,'2017-12-18 19:58:23','2018-02-22 14:10:46',1),(339,25,44,1,'2017-12-18 20:02:20','2018-02-22 14:10:46',1),(340,24,44,2,'2017-12-18 20:03:01','2018-02-22 14:10:46',1),(341,26,44,3,'2017-12-18 20:04:12','2018-02-22 14:10:46',1),(342,95,13,2,'2017-12-18 20:28:51','2018-02-22 14:10:46',1),(343,96,13,3,'2017-12-18 20:29:21','2018-02-22 14:10:46',1),(344,89,28,1,'2017-12-18 20:44:07','2018-02-22 14:10:46',1),(345,84,28,2,'2017-12-18 20:46:18','2018-02-22 14:10:46',1),(346,2,28,3,'2017-12-18 20:46:42','2018-02-22 14:10:46',1),(347,3,28,4,'2017-12-18 20:46:53','2018-02-22 14:10:46',1),(348,25,28,5,'2017-12-18 20:47:34','2018-02-22 14:10:46',1),(349,86,43,1,'2017-12-18 21:28:06','2018-02-22 14:10:46',1),(350,96,43,2,'2017-12-18 21:31:33','2018-02-22 14:10:46',1),(351,30,43,3,'2017-12-18 21:32:34','2018-02-22 14:10:46',1),(352,44,43,4,'2017-12-18 21:33:20','2018-02-22 14:10:46',1),(353,98,43,5,'2017-12-18 21:34:53','2018-02-22 14:10:46',1),(354,3,36,1,'2017-12-18 21:40:42','2018-02-22 14:10:46',1),(355,4,36,2,'2017-12-18 21:41:17','2018-02-22 14:10:46',1),(356,6,36,3,'2017-12-18 21:42:37','2018-02-22 14:10:46',1),(357,77,36,4,'2017-12-18 21:43:10','2018-02-22 14:10:47',1),(358,20,36,5,'2017-12-18 21:44:14','2018-02-22 14:10:47',1),(360,39,55,2,'2017-12-18 22:55:13','2018-02-22 14:10:47',1),(361,44,55,3,'2017-12-18 22:55:50','2018-02-22 14:10:47',1),(362,24,50,3,'2017-12-18 23:23:26','2018-02-22 14:10:47',1),(363,48,55,5,'2017-12-18 23:25:20','2018-02-22 14:10:47',1),(364,15,17,5,'2017-12-18 23:26:19','2018-02-22 14:10:47',1),(365,8,50,4,'2017-12-18 23:26:31','2018-02-22 14:10:47',1),(366,26,17,2,'2017-12-18 23:28:10','2018-02-22 14:10:47',1),(367,25,17,3,'2017-12-18 23:29:08','2018-02-22 14:10:47',1),(368,73,50,5,'2017-12-18 23:30:01','2018-02-22 14:10:47',1),(369,51,17,4,'2017-12-18 23:31:12','2018-02-22 14:10:47',1),(370,47,55,4,'2017-12-18 23:35:29','2018-02-22 14:10:47',1),(371,17,14,2,'2017-12-19 00:00:51','2018-02-22 14:10:47',1),(372,74,14,1,'2017-12-19 00:03:54','2018-02-22 14:10:47',1),(373,60,14,5,'2017-12-19 00:13:04','2018-02-22 14:10:47',1),(374,87,27,1,'2017-12-19 00:18:06','2018-02-22 14:10:47',1),(375,37,27,2,'2017-12-19 00:31:04','2018-02-22 14:10:47',1),(376,34,27,3,'2017-12-19 00:32:01','2018-02-22 14:10:47',1),(377,31,27,4,'2017-12-19 00:35:13','2018-02-22 14:10:48',1),(378,18,27,5,'2017-12-19 00:35:37','2018-02-22 14:10:48',1),(379,52,22,3,'2017-12-19 01:21:00','2018-02-22 14:10:48',1),(380,54,40,1,'2017-12-19 01:39:10','2018-02-22 14:10:48',1),(381,23,40,2,'2017-12-19 01:39:52','2018-02-22 14:10:48',1),(382,2,40,4,'2017-12-19 01:41:03','2018-02-22 14:10:48',1),(383,60,40,3,'2017-12-19 01:41:42','2018-02-22 14:10:48',1),(384,64,40,5,'2017-12-19 01:47:48','2018-02-22 14:10:48',1),(385,42,35,1,'2017-12-19 10:37:06','2018-02-22 14:10:48',1),(386,19,35,2,'2017-12-19 10:47:13','2018-02-22 14:10:48',1),(387,57,56,2,'2017-12-19 10:50:55','2018-02-22 14:10:48',1),(388,62,56,5,'2017-12-19 10:51:26','2018-02-22 14:10:48',1);
/*!40000 ALTER TABLE `wishes` ENABLE KEYS */;
UNLOCK TABLES;
/*!40103 SET TIME_ZONE=@OLD_TIME_ZONE */;

/*!40101 SET SQL_MODE=@OLD_SQL_MODE */;
/*!40014 SET FOREIGN_KEY_CHECKS=@OLD_FOREIGN_KEY_CHECKS */;
/*!40014 SET UNIQUE_CHECKS=@OLD_UNIQUE_CHECKS */;
/*!40101 SET CHARACTER_SET_CLIENT=@OLD_CHARACTER_SET_CLIENT */;
/*!40101 SET CHARACTER_SET_RESULTS=@OLD_CHARACTER_SET_RESULTS */;
/*!40101 SET COLLATION_CONNECTION=@OLD_COLLATION_CONNECTION */;
/*!40111 SET SQL_NOTES=@OLD_SQL_NOTES */;

-- Dump completed on 2018-05-18 12:17:28
